#
# There is insufficient memory for the Java Runtime Environment to continue.
# Native memory allocation (malloc) failed to allocate 1094896 bytes. Error detail: Chunk::new
# Possible reasons:
#   The system is out of physical RAM or swap space
#   This process is running with CompressedOops enabled, and the Java Heap may be blocking the growth of the native heap
# Possible solutions:
#   Reduce memory load on the system
#   Increase physical memory or swap space
#   Check if swap backing store is full
#   Decrease Java heap size (-Xmx/-Xms)
#   Decrease number of Java threads
#   Decrease Java thread stack sizes (-Xss)
#   Set larger code cache with -XX:ReservedCodeCacheSize=
#   JVM is running with Unscaled Compressed Oops mode in which the Java heap is
#     placed in the first 4GB address space. The Java Heap base address is the
#     maximum limit for the native heap growth. Please use -XX:HeapBaseMinAddress
#     to set the Java Heap base and to place the Java Heap above 4GB virtual address.
# This output file may be truncated or incomplete.
#
#  Out of Memory Error (arena.cpp:168), pid=19040, tid=23440
#
# JRE version: OpenJDK Runtime Environment Temurin-21.0.11+10 (21.0.11+10) (build 21.0.11+10-LTS)
# Java VM: OpenJDK 64-Bit Server VM Temurin-21.0.11+10 (21.0.11+10-LTS, mixed mode, sharing, tiered, compressed oops, compressed class ptrs, g1 gc, windows-amd64)
# No core dump will be written. Minidumps are not enabled by default on client versions of Windows
#

---------------  S U M M A R Y ------------

Command Line: --add-opens=java.base/java.lang=ALL-UNNAMED --add-opens=java.base/java.lang.invoke=ALL-UNNAMED --add-opens=java.base/java.util=ALL-UNNAMED --add-opens=java.prefs/java.util.prefs=ALL-UNNAMED --add-exports=jdk.compiler/com.sun.tools.javac.api=ALL-UNNAMED --add-exports=jdk.compiler/com.sun.tools.javac.util=ALL-UNNAMED --add-opens=java.base/java.util=ALL-UNNAMED --add-opens=java.prefs/java.util.prefs=ALL-UNNAMED --add-opens=java.base/java.nio.charset=ALL-UNNAMED --add-opens=java.base/java.net=ALL-UNNAMED --add-opens=java.base/java.util.concurrent.atomic=ALL-UNNAMED --add-opens=java.xml/javax.xml.namespace=ALL-UNNAMED -Xmx1536m -Dfile.encoding=UTF-8 -Duser.country=IN -Duser.language=en -Duser.variant -javaagent:C:\Users\91891\.gradle\wrapper\dists\gradle-8.14.3-all\10utluxaxniiv4wxiphsi49nj\gradle-8.14.3\lib\agents\gradle-instrumentation-agent-8.14.3.jar org.gradle.launcher.daemon.bootstrap.GradleDaemon 8.14.3

Host: AMD Ryzen 5 5600H with Radeon Graphics         , 12 cores, 5G,  Windows 11 , 64 bit Build 26100 (10.0.26100.8875)
Time: Sat Aug  8 01:45:52 2026 India Standard Time elapsed time: 141.270509 seconds (0d 0h 2m 21s)

---------------  T H R E A D  ---------------

Current thread (0x00000260d3cc3350):  JavaThread "C2 CompilerThread0" daemon [_thread_in_native, id=23440, stack(0x000000af84800000,0x000000af84900000) (1024K)]


Current CompileTask:
C2:141270 12518       4       groovy.lang.MetaClassImpl::inheritInterfaceNewMetaMethods (195 bytes)

Stack: [0x000000af84800000,0x000000af84900000]
Native frames: (J=compiled Java code, j=interpreted, Vv=VM code, C=native code)
V  [jvm.dll+0x6d7e19]
V  [jvm.dll+0x8b5096]
V  [jvm.dll+0x8b764e]
V  [jvm.dll+0x8b7d33]
V  [jvm.dll+0x284596]
V  [jvm.dll+0xc685d]
V  [jvm.dll+0xc6da1]
V  [jvm.dll+0x3bed31]
V  [jvm.dll+0x38b2b2]
V  [jvm.dll+0x38a6fa]
V  [jvm.dll+0x24c700]
V  [jvm.dll+0x24bce0]
V  [jvm.dll+0x1cb4ae]
V  [jvm.dll+0x25baad]
V  [jvm.dll+0x25a03a]
V  [jvm.dll+0x3f868e]
V  [jvm.dll+0x85fb0d]
V  [jvm.dll+0x6d664d]
C  [ucrtbase.dll+0x2cd30]
C  [KERNEL32.DLL+0x2e957]
C  [ntdll.dll+0xaad6c]


---------------  P R O C E S S  ---------------

Threads class SMR info:
_java_thread_list=0x000002611db74a10, length=134, elements={
0x00000260bcaf06e0, 0x00000260d3caf130, 0x00000260d3cafb90, 0x00000260d3cb1fb0,
0x00000260d3cb2a10, 0x00000260d3cb3c10, 0x00000260d3cb4f40, 0x00000260d3cc3350,
0x00000260d3ccb460, 0x00000261191b15e0, 0x00000261191effd0, 0x000002611a7021c0,
0x0000026119336ce0, 0x000002611a3acd90, 0x000002611a6b1110, 0x000002611a6b1780,
0x000002611a47d7e0, 0x0000026119d12220, 0x0000026119d0fac0, 0x0000026119d11500,
0x0000026119d0eda0, 0x0000026119d11b90, 0x0000026119d10150, 0x0000026119d0f430,
0x0000026119d10e70, 0x000002611dd5aa80, 0x000002611dd5d870, 0x000002611dd5d1e0,
0x000002611dd5be30, 0x000002611dd5c4c0, 0x000002611dd5df00, 0x000002611dd5e590,
0x000002611dd5cb50, 0x000002611dd5b110, 0x000002611dd5b7a0, 0x000002611dd61380,
0x000002611dd60cf0, 0x000002611dd5f2b0, 0x000002611dd5ec20, 0x000002611dd61a10,
0x000002611d6ae830, 0x000002611d6aeec0, 0x000002611d6b0270, 0x000002611d6af550,
0x000002611d6afbe0, 0x000002611d6ae1a0, 0x000002611d6b0900, 0x000002611d6ad480,
0x000002611d6b0f90, 0x000002611d6adb10, 0x000002611d6b4410, 0x000002611d6b29d0,
0x000002611d6b3060, 0x000002611d6b1620, 0x000002611d6b36f0, 0x000002611d6b3d80,
0x000002611d6b2340, 0x000002611d6b4aa0, 0x000002611d6b1cb0, 0x000002611d6b7570,
0x000002611d6b5b30, 0x000002611d6b61c0, 0x000002611d6b6850, 0x000002611d6b6ee0,
0x000002611d6b7c00, 0x000002611d6b8290, 0x000002611d6b8920, 0x000002611d6b54a0,
0x000002611d6bb080, 0x000002611d6ba360, 0x000002611d6bb710, 0x000002611d6b9640,
0x000002611d6bbda0, 0x000002611d6ba9f0, 0x000002611d6bc430, 0x000002611d6b8fb0,
0x000002611d6bcac0, 0x000002611d6b9cd0, 0x000002611f63aed0, 0x000002611f638770,
0x000002611f63b560, 0x000002611f63c280, 0x000002611f638e00, 0x000002611f63cfa0,
0x000002611f63e350, 0x000002611f63c910, 0x000002611f63d630, 0x000002611f63dcc0,
0x000002611f63e9e0, 0x000002611f23f130, 0x000002611f23f7c0, 0x000002611f23eaa0,
0x000002611f23d6f0, 0x000002611f241200, 0x000002611efbd710, 0x000002611efbeac0,
0x000002611efbfe70, 0x000002611efc0500, 0x000002611efbf150, 0x000002611efbe430,
0x000002611efbf7e0, 0x000002611efc0b90, 0x000002611efc1220, 0x000002611efbdda0,
0x000002611efc25d0, 0x000002611efc18b0, 0x000002611efc46a0, 0x000002611efc1f40,
0x000002611efc3980, 0x000002611efc4d30, 0x000002611efc2c60, 0x000002611efc32f0,
0x000002611efc4010, 0x000002611f23d060, 0x000002611f239be0, 0x000002611f23c9d0,
0x000002611f23a270, 0x000002611f23af90, 0x000002611f23bcb0, 0x000002611f23c340,
0x000002611f23b620, 0x000002611f23dd80, 0x000002611eca8380, 0x000002611ebe83b0,
0x000002611ebe8a40, 0x000002611ebe6970, 0x000002611ebe90d0, 0x000002611ebe9760,
0x000002611ebe62e0, 0x000002611ebe9df0, 0x000002611ebe7000, 0x000002611ebeb830,
0x000002611ebebec0, 0x000002611ebed900
}

Java Threads: ( => current thread )
  0x00000260bcaf06e0 JavaThread "main"                              [_thread_blocked, id=25712, stack(0x000000af83a00000,0x000000af83b00000) (1024K)]
  0x00000260d3caf130 JavaThread "Reference Handler"          daemon [_thread_blocked, id=31960, stack(0x000000af84200000,0x000000af84300000) (1024K)]
  0x00000260d3cafb90 JavaThread "Finalizer"                  daemon [_thread_blocked, id=17464, stack(0x000000af84300000,0x000000af84400000) (1024K)]
  0x00000260d3cb1fb0 JavaThread "Signal Dispatcher"          daemon [_thread_blocked, id=3656, stack(0x000000af84400000,0x000000af84500000) (1024K)]
  0x00000260d3cb2a10 JavaThread "Attach Listener"            daemon [_thread_blocked, id=31484, stack(0x000000af84500000,0x000000af84600000) (1024K)]
  0x00000260d3cb3c10 JavaThread "Service Thread"             daemon [_thread_blocked, id=27624, stack(0x000000af84600000,0x000000af84700000) (1024K)]
  0x00000260d3cb4f40 JavaThread "Monitor Deflation Thread"   daemon [_thread_blocked, id=20220, stack(0x000000af84700000,0x000000af84800000) (1024K)]
=>0x00000260d3cc3350 JavaThread "C2 CompilerThread0"         daemon [_thread_in_native, id=23440, stack(0x000000af84800000,0x000000af84900000) (1024K)]
  0x00000260d3ccb460 JavaThread "C1 CompilerThread0"         daemon [_thread_blocked, id=25744, stack(0x000000af84900000,0x000000af84a00000) (1024K)]
  0x00000261191b15e0 JavaThread "Common-Cleaner"             daemon [_thread_blocked, id=32324, stack(0x000000af84a00000,0x000000af84b00000) (1024K)]
  0x00000261191effd0 JavaThread "Notification Thread"        daemon [_thread_blocked, id=25948, stack(0x000000af84b00000,0x000000af84c00000) (1024K)]
  0x000002611a7021c0 JavaThread "Daemon health stats"               [_thread_blocked, id=11744, stack(0x000000af85000000,0x000000af85100000) (1024K)]
  0x0000026119336ce0 JavaThread "Incoming local TCP Connector on port 64688"        [_thread_in_native, id=23856, stack(0x000000af85100000,0x000000af85200000) (1024K)]
  0x000002611a3acd90 JavaThread "Daemon periodic checks"            [_thread_blocked, id=19068, stack(0x000000af85200000,0x000000af85300000) (1024K)]
  0x000002611a6b1110 JavaThread "Daemon"                            [_thread_blocked, id=22176, stack(0x000000af85300000,0x000000af85400000) (1024K)]
  0x000002611a6b1780 JavaThread "Handler for socket connection from /127.0.0.1:64688 to /127.0.0.1:64689"        [_thread_in_native, id=25404, stack(0x000000af85400000,0x000000af85500000) (1024K)]
  0x000002611a47d7e0 JavaThread "Cancel handler"                    [_thread_blocked, id=19656, stack(0x000000af85500000,0x000000af85600000) (1024K)]
  0x0000026119d12220 JavaThread "Daemon worker"                     [_thread_in_native, id=26528, stack(0x000000af85600000,0x000000af85700000) (1024K)]
  0x0000026119d0fac0 JavaThread "Asynchronous log dispatcher for DefaultDaemonConnection: socket connection from /127.0.0.1:64688 to /127.0.0.1:64689"        [_thread_blocked, id=22752, stack(0x000000af85700000,0x000000af85800000) (1024K)]
  0x0000026119d11500 JavaThread "Stdin handler"                     [_thread_blocked, id=4684, stack(0x000000af85800000,0x000000af85900000) (1024K)]
  0x0000026119d0eda0 JavaThread "Daemon client event forwarder"        [_thread_blocked, id=27236, stack(0x000000af85900000,0x000000af85a00000) (1024K)]
  0x0000026119d11b90 JavaThread "Cache worker for journal cache (C:\Users\91891\.gradle\caches\journal-1)"        [_thread_blocked, id=32456, stack(0x000000af86000000,0x000000af86100000) (1024K)]
  0x0000026119d10150 JavaThread "File lock request listener"        [_thread_in_native, id=29120, stack(0x000000af86100000,0x000000af86200000) (1024K)]
  0x0000026119d0f430 JavaThread "Cache worker for file hash cache (C:\Users\91891\.gradle\caches\8.14.3\fileHashes)"        [_thread_blocked, id=27108, stack(0x000000af83900000,0x000000af83a00000) (1024K)]
  0x0000026119d10e70 JavaThread "Cache worker for file hash cache (C:\Users\91891\Downloads\Telegram Desktop\SarjanaHRMS-main (6)\SarjanaHRMS-main (4)\SarjanaHRMS-main\android\.gradle\8.14.3\fileHashes)"        [_thread_blocked, id=23912, stack(0x000000af86600000,0x000000af86700000) (1024K)]
  0x000002611dd5aa80 JavaThread "Cache worker for Build Output Cleanup Cache (C:\Users\91891\Downloads\Telegram Desktop\SarjanaHRMS-main (6)\SarjanaHRMS-main (4)\SarjanaHRMS-main\android\.gradle\buildOutputCleanup)"        [_thread_blocked, id=31248, stack(0x000000af86700000,0x000000af86800000) (1024K)]
  0x000002611dd5d870 JavaThread "File watcher server"        daemon [_thread_in_native, id=21440, stack(0x000000af86300000,0x000000af86400000) (1024K)]
  0x000002611dd5d1e0 JavaThread "File watcher consumer"      daemon [_thread_blocked, id=23480, stack(0x000000af86800000,0x000000af86900000) (1024K)]
  0x000002611dd5be30 JavaThread "jar transforms"                    [_thread_blocked, id=22992, stack(0x000000af86200000,0x000000af86300000) (1024K)]
  0x000002611dd5c4c0 JavaThread "jar transforms Thread 2"           [_thread_blocked, id=31608, stack(0x000000af86900000,0x000000af86a00000) (1024K)]
  0x000002611dd5df00 JavaThread "Cache worker for checksums cache (C:\Users\91891\Downloads\Telegram Desktop\SarjanaHRMS-main (6)\SarjanaHRMS-main (4)\SarjanaHRMS-main\android\.gradle\8.14.3\checksums)"        [_thread_blocked, id=32452, stack(0x000000af86c00000,0x000000af86d00000) (1024K)]
  0x000002611dd5e590 JavaThread "Cache worker for file content cache (C:\Users\91891\.gradle\caches\8.14.3\fileContent)"        [_thread_blocked, id=24648, stack(0x000000af86d00000,0x000000af86e00000) (1024K)]
  0x000002611dd5cb50 JavaThread "jar transforms Thread 3"           [_thread_blocked, id=28080, stack(0x000000af86e00000,0x000000af86f00000) (1024K)]
  0x000002611dd5b110 JavaThread "jar transforms Thread 4"           [_thread_blocked, id=24956, stack(0x000000af86f00000,0x000000af87000000) (1024K)]
  0x000002611dd5b7a0 JavaThread "jar transforms Thread 5"           [_thread_blocked, id=23700, stack(0x000000af87000000,0x000000af87100000) (1024K)]
  0x000002611dd61380 JavaThread "jar transforms Thread 6"           [_thread_blocked, id=14756, stack(0x000000af87100000,0x000000af87200000) (1024K)]
  0x000002611dd60cf0 JavaThread "Cache worker for cache directory md-supplier (C:\Users\91891\.gradle\caches\8.14.3\md-supplier)"        [_thread_blocked, id=8088, stack(0x000000af87200000,0x000000af87300000) (1024K)]
  0x000002611dd5f2b0 JavaThread "Cache worker for cache directory md-rule (C:\Users\91891\.gradle\caches\8.14.3\md-rule)"        [_thread_blocked, id=27700, stack(0x000000af87300000,0x000000af87400000) (1024K)]
  0x000002611dd5ec20 JavaThread "jar transforms Thread 7"           [_thread_blocked, id=14436, stack(0x000000af86b00000,0x000000af86c00000) (1024K)]
  0x000002611dd61a10 JavaThread "Unconstrained build operations"        [_thread_blocked, id=30320, stack(0x000000af87400000,0x000000af87500000) (1024K)]
  0x000002611d6ae830 JavaThread "Unconstrained build operations Thread 2"        [_thread_blocked, id=23572, stack(0x000000af87500000,0x000000af87600000) (1024K)]
  0x000002611d6aeec0 JavaThread "Unconstrained build operations Thread 3"        [_thread_blocked, id=27380, stack(0x000000af87600000,0x000000af87700000) (1024K)]
  0x000002611d6b0270 JavaThread "Unconstrained build operations Thread 4"        [_thread_blocked, id=25684, stack(0x000000af87700000,0x000000af87800000) (1024K)]
  0x000002611d6af550 JavaThread "Unconstrained build operations Thread 5"        [_thread_blocked, id=22448, stack(0x000000af87800000,0x000000af87900000) (1024K)]
  0x000002611d6afbe0 JavaThread "Unconstrained build operations Thread 6"        [_thread_blocked, id=12264, stack(0x000000af87900000,0x000000af87a00000) (1024K)]
  0x000002611d6ae1a0 JavaThread "Unconstrained build operations Thread 7"        [_thread_blocked, id=32556, stack(0x000000af87a00000,0x000000af87b00000) (1024K)]
  0x000002611d6b0900 JavaThread "Unconstrained build operations Thread 8"        [_thread_blocked, id=26628, stack(0x000000af87b00000,0x000000af87c00000) (1024K)]
  0x000002611d6ad480 JavaThread "Unconstrained build operations Thread 9"        [_thread_blocked, id=7760, stack(0x000000af87c00000,0x000000af87d00000) (1024K)]
  0x000002611d6b0f90 JavaThread "Unconstrained build operations Thread 10"        [_thread_blocked, id=3368, stack(0x000000af87d00000,0x000000af87e00000) (1024K)]
  0x000002611d6adb10 JavaThread "Unconstrained build operations Thread 11"        [_thread_blocked, id=22744, stack(0x000000af87e00000,0x000000af87f00000) (1024K)]
  0x000002611d6b4410 JavaThread "Unconstrained build operations Thread 12"        [_thread_blocked, id=23252, stack(0x000000af86a00000,0x000000af86b00000) (1024K)]
  0x000002611d6b29d0 JavaThread "Unconstrained build operations Thread 13"        [_thread_blocked, id=31816, stack(0x000000af87f00000,0x000000af88000000) (1024K)]
  0x000002611d6b3060 JavaThread "Unconstrained build operations Thread 14"        [_thread_blocked, id=18664, stack(0x000000af88000000,0x000000af88100000) (1024K)]
  0x000002611d6b1620 JavaThread "Unconstrained build operations Thread 15"        [_thread_blocked, id=10208, stack(0x000000af88100000,0x000000af88200000) (1024K)]
  0x000002611d6b36f0 JavaThread "Unconstrained build operations Thread 16"        [_thread_blocked, id=23636, stack(0x000000af88200000,0x000000af88300000) (1024K)]
  0x000002611d6b3d80 JavaThread "Unconstrained build operations Thread 17"        [_thread_blocked, id=5056, stack(0x000000af88300000,0x000000af88400000) (1024K)]
  0x000002611d6b2340 JavaThread "Unconstrained build operations Thread 18"        [_thread_blocked, id=24836, stack(0x000000af88400000,0x000000af88500000) (1024K)]
  0x000002611d6b4aa0 JavaThread "Unconstrained build operations Thread 19"        [_thread_blocked, id=28144, stack(0x000000af88500000,0x000000af88600000) (1024K)]
  0x000002611d6b1cb0 JavaThread "Unconstrained build operations Thread 20"        [_thread_blocked, id=4156, stack(0x000000af88600000,0x000000af88700000) (1024K)]
  0x000002611d6b7570 JavaThread "Unconstrained build operations Thread 21"        [_thread_blocked, id=24168, stack(0x000000af88700000,0x000000af88800000) (1024K)]
  0x000002611d6b5b30 JavaThread "Unconstrained build operations Thread 22"        [_thread_blocked, id=19716, stack(0x000000af88800000,0x000000af88900000) (1024K)]
  0x000002611d6b61c0 JavaThread "Unconstrained build operations Thread 23"        [_thread_blocked, id=21636, stack(0x000000af88900000,0x000000af88a00000) (1024K)]
  0x000002611d6b6850 JavaThread "Unconstrained build operations Thread 24"        [_thread_blocked, id=29956, stack(0x000000af88a00000,0x000000af88b00000) (1024K)]
  0x000002611d6b6ee0 JavaThread "Unconstrained build operations Thread 25"        [_thread_blocked, id=13140, stack(0x000000af88b00000,0x000000af88c00000) (1024K)]
  0x000002611d6b7c00 JavaThread "Unconstrained build operations Thread 26"        [_thread_blocked, id=29280, stack(0x000000af88c00000,0x000000af88d00000) (1024K)]
  0x000002611d6b8290 JavaThread "Unconstrained build operations Thread 27"        [_thread_blocked, id=29764, stack(0x000000af88d00000,0x000000af88e00000) (1024K)]
  0x000002611d6b8920 JavaThread "Unconstrained build operations Thread 28"        [_thread_blocked, id=32412, stack(0x000000af88e00000,0x000000af88f00000) (1024K)]
  0x000002611d6b54a0 JavaThread "Unconstrained build operations Thread 29"        [_thread_blocked, id=4476, stack(0x000000af88f00000,0x000000af89000000) (1024K)]
  0x000002611d6bb080 JavaThread "Unconstrained build operations Thread 30"        [_thread_blocked, id=31340, stack(0x000000af89000000,0x000000af89100000) (1024K)]
  0x000002611d6ba360 JavaThread "Unconstrained build operations Thread 31"        [_thread_blocked, id=24580, stack(0x000000af89100000,0x000000af89200000) (1024K)]
  0x000002611d6bb710 JavaThread "Unconstrained build operations Thread 32"        [_thread_blocked, id=25584, stack(0x000000af89200000,0x000000af89300000) (1024K)]
  0x000002611d6b9640 JavaThread "Unconstrained build operations Thread 33"        [_thread_blocked, id=15396, stack(0x000000af89300000,0x000000af89400000) (1024K)]
  0x000002611d6bbda0 JavaThread "jar transforms Thread 8"           [_thread_blocked, id=22612, stack(0x000000af89400000,0x000000af89500000) (1024K)]
  0x000002611d6ba9f0 JavaThread "jar transforms Thread 9"           [_thread_blocked, id=30108, stack(0x000000af89500000,0x000000af89600000) (1024K)]
  0x000002611d6bc430 JavaThread "jar transforms Thread 10"          [_thread_blocked, id=22756, stack(0x000000af89600000,0x000000af89700000) (1024K)]
  0x000002611d6b8fb0 JavaThread "jar transforms Thread 11"          [_thread_blocked, id=5172, stack(0x000000af89700000,0x000000af89800000) (1024K)]
  0x000002611d6bcac0 JavaThread "jar transforms Thread 12"          [_thread_blocked, id=8472, stack(0x000000af89800000,0x000000af89900000) (1024K)]
  0x000002611d6b9cd0 JavaThread "Memory manager"                    [_thread_blocked, id=29288, stack(0x000000af89900000,0x000000af89a00000) (1024K)]
  0x000002611f63aed0 JavaThread "Unconstrained build operations Thread 34"        [_thread_blocked, id=3972, stack(0x000000af83700000,0x000000af83800000) (1024K)]
  0x000002611f638770 JavaThread "Unconstrained build operations Thread 35"        [_thread_blocked, id=2752, stack(0x000000af83800000,0x000000af83900000) (1024K)]
  0x000002611f63b560 JavaThread "Unconstrained build operations Thread 36"        [_thread_blocked, id=27228, stack(0x000000af89a00000,0x000000af89b00000) (1024K)]
  0x000002611f63c280 JavaThread "Unconstrained build operations Thread 37"        [_thread_blocked, id=21956, stack(0x000000af89b00000,0x000000af89c00000) (1024K)]
  0x000002611f638e00 JavaThread "Unconstrained build operations Thread 38"        [_thread_blocked, id=24924, stack(0x000000af89c00000,0x000000af89d00000) (1024K)]
  0x000002611f63cfa0 JavaThread "Unconstrained build operations Thread 39"        [_thread_blocked, id=6568, stack(0x000000af89d00000,0x000000af89e00000) (1024K)]
  0x000002611f63e350 JavaThread "Unconstrained build operations Thread 40"        [_thread_blocked, id=9228, stack(0x000000af89e00000,0x000000af89f00000) (1024K)]
  0x000002611f63c910 JavaThread "Unconstrained build operations Thread 41"        [_thread_blocked, id=28004, stack(0x000000af89f00000,0x000000af8a000000) (1024K)]
  0x000002611f63d630 JavaThread "Unconstrained build operations Thread 42"        [_thread_blocked, id=8804, stack(0x000000af8a000000,0x000000af8a100000) (1024K)]
  0x000002611f63dcc0 JavaThread "Unconstrained build operations Thread 43"        [_thread_blocked, id=29536, stack(0x000000af8a100000,0x000000af8a200000) (1024K)]
  0x000002611f63e9e0 JavaThread "Unconstrained build operations Thread 44"        [_thread_blocked, id=22296, stack(0x000000af8a200000,0x000000af8a300000) (1024K)]
  0x000002611f23f130 JavaThread "Unconstrained build operations Thread 45"        [_thread_blocked, id=27824, stack(0x000000af8a300000,0x000000af8a400000) (1024K)]
  0x000002611f23f7c0 JavaThread "Unconstrained build operations Thread 46"        [_thread_blocked, id=23348, stack(0x000000af8a400000,0x000000af8a500000) (1024K)]
  0x000002611f23eaa0 JavaThread "Unconstrained build operations Thread 47"        [_thread_blocked, id=13576, stack(0x000000af8a500000,0x000000af8a600000) (1024K)]
  0x000002611f23d6f0 JavaThread "Unconstrained build operations Thread 48"        [_thread_blocked, id=30888, stack(0x000000af8a600000,0x000000af8a700000) (1024K)]
  0x000002611f241200 JavaThread "Unconstrained build operations Thread 49"        [_thread_blocked, id=28224, stack(0x000000af8a700000,0x000000af8a800000) (1024K)]
  0x000002611efbd710 JavaThread "Unconstrained build operations Thread 50"        [_thread_blocked, id=26636, stack(0x000000af8a800000,0x000000af8a900000) (1024K)]
  0x000002611efbeac0 JavaThread "Unconstrained build operations Thread 51"        [_thread_blocked, id=32620, stack(0x000000af8a900000,0x000000af8aa00000) (1024K)]
  0x000002611efbfe70 JavaThread "Unconstrained build operations Thread 52"        [_thread_blocked, id=31032, stack(0x000000af8aa00000,0x000000af8ab00000) (1024K)]
  0x000002611efc0500 JavaThread "Unconstrained build operations Thread 53"        [_thread_blocked, id=29868, stack(0x000000af8ab00000,0x000000af8ac00000) (1024K)]
  0x000002611efbf150 JavaThread "Unconstrained build operations Thread 54"        [_thread_blocked, id=28484, stack(0x000000af8ac00000,0x000000af8ad00000) (1024K)]
  0x000002611efbe430 JavaThread "Unconstrained build operations Thread 55"        [_thread_blocked, id=21544, stack(0x000000af8ad00000,0x000000af8ae00000) (1024K)]
  0x000002611efbf7e0 JavaThread "Unconstrained build operations Thread 56"        [_thread_blocked, id=14260, stack(0x000000af8ae00000,0x000000af8af00000) (1024K)]
  0x000002611efc0b90 JavaThread "Unconstrained build operations Thread 57"        [_thread_blocked, id=25260, stack(0x000000af8af00000,0x000000af8b000000) (1024K)]
  0x000002611efc1220 JavaThread "Unconstrained build operations Thread 58"        [_thread_blocked, id=31596, stack(0x000000af8b000000,0x000000af8b100000) (1024K)]
  0x000002611efbdda0 JavaThread "Unconstrained build operations Thread 59"        [_thread_blocked, id=31028, stack(0x000000af8b100000,0x000000af8b200000) (1024K)]
  0x000002611efc25d0 JavaThread "Unconstrained build operations Thread 60"        [_thread_blocked, id=31408, stack(0x000000af8b200000,0x000000af8b300000) (1024K)]
  0x000002611efc18b0 JavaThread "Unconstrained build operations Thread 61"        [_thread_blocked, id=24884, stack(0x000000af8b300000,0x000000af8b400000) (1024K)]
  0x000002611efc46a0 JavaThread "Unconstrained build operations Thread 62"        [_thread_blocked, id=2576, stack(0x000000af8b400000,0x000000af8b500000) (1024K)]
  0x000002611efc1f40 JavaThread "Unconstrained build operations Thread 63"        [_thread_blocked, id=30128, stack(0x000000af8b500000,0x000000af8b600000) (1024K)]
  0x000002611efc3980 JavaThread "Unconstrained build operations Thread 64"        [_thread_blocked, id=27740, stack(0x000000af8b600000,0x000000af8b700000) (1024K)]
  0x000002611efc4d30 JavaThread "Unconstrained build operations Thread 65"        [_thread_blocked, id=17796, stack(0x000000af8b700000,0x000000af8b800000) (1024K)]
  0x000002611efc2c60 JavaThread "Unconstrained build operations Thread 66"        [_thread_blocked, id=9512, stack(0x000000af8b800000,0x000000af8b900000) (1024K)]
  0x000002611efc32f0 JavaThread "Unconstrained build operations Thread 67"        [_thread_blocked, id=26540, stack(0x000000af8b900000,0x000000af8ba00000) (1024K)]
  0x000002611efc4010 JavaThread "Unconstrained build operations Thread 68"        [_thread_blocked, id=21556, stack(0x000000af8ba00000,0x000000af8bb00000) (1024K)]
  0x000002611f23d060 JavaThread "Unconstrained build operations Thread 69"        [_thread_blocked, id=28384, stack(0x000000af8bb00000,0x000000af8bc00000) (1024K)]
  0x000002611f239be0 JavaThread "Unconstrained build operations Thread 70"        [_thread_blocked, id=29680, stack(0x000000af8bc00000,0x000000af8bd00000) (1024K)]
  0x000002611f23c9d0 JavaThread "Unconstrained build operations Thread 71"        [_thread_blocked, id=32280, stack(0x000000af8bd00000,0x000000af8be00000) (1024K)]
  0x000002611f23a270 JavaThread "Unconstrained build operations Thread 72"        [_thread_blocked, id=30368, stack(0x000000af8be00000,0x000000af8bf00000) (1024K)]
  0x000002611f23af90 JavaThread "Unconstrained build operations Thread 73"        [_thread_blocked, id=25140, stack(0x000000af8bf00000,0x000000af8c000000) (1024K)]
  0x000002611f23bcb0 JavaThread "Unconstrained build operations Thread 74"        [_thread_blocked, id=25768, stack(0x000000af8c000000,0x000000af8c100000) (1024K)]
  0x000002611f23c340 JavaThread "Unconstrained build operations Thread 75"        [_thread_blocked, id=22792, stack(0x000000af8c100000,0x000000af8c200000) (1024K)]
  0x000002611f23b620 JavaThread "Unconstrained build operations Thread 76"        [_thread_blocked, id=22984, stack(0x000000af8c200000,0x000000af8c300000) (1024K)]
  0x000002611f23dd80 JavaThread "Unconstrained build operations Thread 77"        [_thread_blocked, id=32132, stack(0x000000af8c300000,0x000000af8c400000) (1024K)]
  0x000002611eca8380 JavaThread "build event listener"              [_thread_blocked, id=24604, stack(0x000000af8c400000,0x000000af8c500000) (1024K)]
  0x000002611ebe83b0 JavaThread "Unconstrained build operations Thread 78"        [_thread_blocked, id=18712, stack(0x000000af8c500000,0x000000af8c600000) (1024K)]
  0x000002611ebe8a40 JavaThread "Unconstrained build operations Thread 79"        [_thread_blocked, id=31420, stack(0x000000af8c600000,0x000000af8c700000) (1024K)]
  0x000002611ebe6970 JavaThread "Unconstrained build operations Thread 80"        [_thread_blocked, id=26908, stack(0x000000af8c700000,0x000000af8c800000) (1024K)]
  0x000002611ebe90d0 JavaThread "Unconstrained build operations Thread 81"        [_thread_blocked, id=24944, stack(0x000000af8c800000,0x000000af8c900000) (1024K)]
  0x000002611ebe9760 JavaThread "Unconstrained build operations Thread 82"        [_thread_blocked, id=10856, stack(0x000000af8c900000,0x000000af8ca00000) (1024K)]
  0x000002611ebe62e0 JavaThread "Unconstrained build operations Thread 83"        [_thread_blocked, id=7128, stack(0x000000af8ca00000,0x000000af8cb00000) (1024K)]
  0x000002611ebe9df0 JavaThread "Unconstrained build operations Thread 84"        [_thread_blocked, id=24344, stack(0x000000af8cb00000,0x000000af8cc00000) (1024K)]
  0x000002611ebe7000 JavaThread "Unconstrained build operations Thread 85"        [_thread_blocked, id=4860, stack(0x000000af8cc00000,0x000000af8cd00000) (1024K)]
  0x000002611ebeb830 JavaThread "Unconstrained build operations Thread 86"        [_thread_blocked, id=24432, stack(0x000000af8cd00000,0x000000af8ce00000) (1024K)]
  0x000002611ebebec0 JavaThread "Unconstrained build operations Thread 87"        [_thread_blocked, id=31468, stack(0x000000af8ce00000,0x000000af8cf00000) (1024K)]
  0x000002611ebed900 JavaThread "Unconstrained build operations Thread 88"        [_thread_blocked, id=28616, stack(0x000000af8cf00000,0x000000af8d000000) (1024K)]
Total: 134

Other Threads:
  0x00000260d3c8fad0 VMThread "VM Thread"                           [id=24336, stack(0x000000af84100000,0x000000af84200000) (1024K)]
  0x00000260d3c7eb60 WatcherThread "VM Periodic Task Thread"        [id=21540, stack(0x000000af84000000,0x000000af84100000) (1024K)]
  0x00000260bcb39540 WorkerThread "GC Thread#0"                     [id=22580, stack(0x000000af83b00000,0x000000af83c00000) (1024K)]
  0x00000261193fea00 WorkerThread "GC Thread#1"                     [id=31012, stack(0x000000af84c00000,0x000000af84d00000) (1024K)]
  0x0000026119360530 WorkerThread "GC Thread#2"                     [id=336, stack(0x000000af84d00000,0x000000af84e00000) (1024K)]
  0x0000026119cc8430 WorkerThread "GC Thread#3"                     [id=5144, stack(0x000000af84e00000,0x000000af84f00000) (1024K)]
  0x0000026119cc7cd0 WorkerThread "GC Thread#4"                     [id=22428, stack(0x000000af84f00000,0x000000af85000000) (1024K)]
  0x000002611a5ae980 WorkerThread "GC Thread#5"                     [id=6196, stack(0x000000af85a00000,0x000000af85b00000) (1024K)]
  0x000002611a5b0e60 WorkerThread "GC Thread#6"                     [id=32340, stack(0x000000af85b00000,0x000000af85c00000) (1024K)]
  0x000002611a5af490 WorkerThread "GC Thread#7"                     [id=29324, stack(0x000000af85c00000,0x000000af85d00000) (1024K)]
  0x000002611a5b1210 WorkerThread "GC Thread#8"                     [id=27312, stack(0x000000af85d00000,0x000000af85e00000) (1024K)]
  0x000002611a5af0e0 WorkerThread "GC Thread#9"                     [id=15980, stack(0x000000af85e00000,0x000000af85f00000) (1024K)]
  0x00000260bcb47a60 ConcurrentGCThread "G1 Main Marker"            [id=26368, stack(0x000000af83c00000,0x000000af83d00000) (1024K)]
  0x00000260bcb49330 WorkerThread "G1 Conc#0"                       [id=32272, stack(0x000000af83d00000,0x000000af83e00000) (1024K)]
  0x000002611d997740 WorkerThread "G1 Conc#1"                       [id=4352, stack(0x000000af86400000,0x000000af86500000) (1024K)]
  0x000002611d997ea0 WorkerThread "G1 Conc#2"                       [id=22216, stack(0x000000af86500000,0x000000af86600000) (1024K)]
  0x00000260d3b49580 ConcurrentGCThread "G1 Refine#0"               [id=25336, stack(0x000000af83e00000,0x000000af83f00000) (1024K)]
  0x00000260d3b49db0 ConcurrentGCThread "G1 Service"                [id=20920, stack(0x000000af83f00000,0x000000af84000000) (1024K)]
Total: 18

Threads with active compile tasks:
C2 CompilerThread0  141369 12518       4       groovy.lang.MetaClassImpl::inheritInterfaceNewMetaMethods (195 bytes)
Total: 1

VM state: not at safepoint (normal execution)

VM Mutex/Monitor currently owned by a thread: None

Heap address: 0x00000000a0000000, size: 1536 MB, Compressed Oops mode: 32-bit

CDS archive(s) mapped at: [0x00000260d4000000-0x00000260d4ba0000-0x00000260d4ba0000), size 12189696, SharedBaseAddress: 0x00000260d4000000, ArchiveRelocationMode: 1.
Compressed class space mapped at: 0x00000260d5000000-0x0000026115000000, reserved size: 1073741824
Narrow klass base: 0x00000260d4000000, Narrow klass shift: 0, Narrow klass range: 0x100000000

GC Precious Log:
 CardTable entry size: 512
 Card Set container configuration: InlinePtr #cards 5 size 8 Array Of Cards #cards 12 size 40 Howl #buckets 4 coarsen threshold 1843 Howl Bitmap #cards 512 size 80 coarsen threshold 460 Card regions per heap region 1 cards per card region 2048
 CPUs: 12 total, 12 available
 Memory: 5996M
 Large Page Support: Disabled
 NUMA Support: Disabled
 Compressed Oops: Enabled (32-bit)
 Heap Region Size: 1M
 Heap Min Capacity: 8M
 Heap Initial Capacity: 94M
 Heap Max Capacity: 1536M
 Pre-touch: Disabled
 Parallel Workers: 10
 Concurrent Workers: 3
 Concurrent Refinement Workers: 10
 Periodic GC: Disabled

Heap:
 garbage-first heap   total 176128K, used 126873K [0x00000000a0000000, 0x0000000100000000)
  region size 1024K, 27 young (27648K), 5 survivors (5120K)
 Metaspace       used 91821K, committed 94080K, reserved 1179648K
  class space    used 12974K, committed 14080K, reserved 1048576K

Heap Regions: E=young(eden), S=young(survivor), O=old, HS=humongous(starts), HC=humongous(continues), CS=collection set, F=free, TAMS=top-at-mark-start, PB=parsable bottom
|   0|0x00000000a0000000, 0x00000000a0100000, 0x00000000a0100000|100%|HS|  |TAMS 0x00000000a0000000| PB 0x00000000a0000000| Complete 
|   1|0x00000000a0100000, 0x00000000a0200000, 0x00000000a0200000|100%|HC|  |TAMS 0x00000000a0100000| PB 0x00000000a0100000| Complete 
|   2|0x00000000a0200000, 0x00000000a0300000, 0x00000000a0300000|100%|HC|  |TAMS 0x00000000a0200000| PB 0x00000000a0200000| Complete 
|   3|0x00000000a0300000, 0x00000000a0400000, 0x00000000a0400000|100%| O|  |TAMS 0x00000000a0300000| PB 0x00000000a0300000| Untracked 
|   4|0x00000000a0400000, 0x00000000a0500000, 0x00000000a0500000|100%| O|  |TAMS 0x00000000a0400000| PB 0x00000000a0400000| Untracked 
|   5|0x00000000a0500000, 0x00000000a0600000, 0x00000000a0600000|100%| O|  |TAMS 0x00000000a0500000| PB 0x00000000a0500000| Untracked 
|   6|0x00000000a0600000, 0x00000000a0700000, 0x00000000a0700000|100%|HS|  |TAMS 0x00000000a0600000| PB 0x00000000a0600000| Complete 
|   7|0x00000000a0700000, 0x00000000a0800000, 0x00000000a0800000|100%| O|  |TAMS 0x00000000a0700000| PB 0x00000000a0700000| Untracked 
|   8|0x00000000a0800000, 0x00000000a0900000, 0x00000000a0900000|100%| O|  |TAMS 0x00000000a0800000| PB 0x00000000a0800000| Untracked 
|   9|0x00000000a0900000, 0x00000000a0a00000, 0x00000000a0a00000|100%| O|  |TAMS 0x00000000a0900000| PB 0x00000000a0900000| Untracked 
|  10|0x00000000a0a00000, 0x00000000a0b00000, 0x00000000a0b00000|100%| O|  |TAMS 0x00000000a0a00000| PB 0x00000000a0a00000| Untracked 
|  11|0x00000000a0b00000, 0x00000000a0c00000, 0x00000000a0c00000|100%| O|  |TAMS 0x00000000a0b00000| PB 0x00000000a0b00000| Untracked 
|  12|0x00000000a0c00000, 0x00000000a0d00000, 0x00000000a0d00000|100%| O|  |TAMS 0x00000000a0c00000| PB 0x00000000a0c00000| Untracked 
|  13|0x00000000a0d00000, 0x00000000a0e00000, 0x00000000a0e00000|100%| O|  |TAMS 0x00000000a0d00000| PB 0x00000000a0d00000| Untracked 
|  14|0x00000000a0e00000, 0x00000000a0f00000, 0x00000000a0f00000|100%| O|  |TAMS 0x00000000a0e00000| PB 0x00000000a0e00000| Untracked 
|  15|0x00000000a0f00000, 0x00000000a1000000, 0x00000000a1000000|100%| O|  |TAMS 0x00000000a0f00000| PB 0x00000000a0f00000| Untracked 
|  16|0x00000000a1000000, 0x00000000a1100000, 0x00000000a1100000|100%| O|  |TAMS 0x00000000a1000000| PB 0x00000000a1000000| Untracked 
|  17|0x00000000a1100000, 0x00000000a1200000, 0x00000000a1200000|100%| O|  |TAMS 0x00000000a1100000| PB 0x00000000a1100000| Untracked 
|  18|0x00000000a1200000, 0x00000000a1300000, 0x00000000a1300000|100%| O|  |TAMS 0x00000000a1200000| PB 0x00000000a1200000| Untracked 
|  19|0x00000000a1300000, 0x00000000a1400000, 0x00000000a1400000|100%| O|  |TAMS 0x00000000a1300000| PB 0x00000000a1300000| Untracked 
|  20|0x00000000a1400000, 0x00000000a1500000, 0x00000000a1500000|100%| O|  |TAMS 0x00000000a1400000| PB 0x00000000a1400000| Untracked 
|  21|0x00000000a1500000, 0x00000000a1600000, 0x00000000a1600000|100%| O|  |TAMS 0x00000000a1500000| PB 0x00000000a1500000| Untracked 
|  22|0x00000000a1600000, 0x00000000a1700000, 0x00000000a1700000|100%| O|  |TAMS 0x00000000a1600000| PB 0x00000000a1600000| Untracked 
|  23|0x00000000a1700000, 0x00000000a1800000, 0x00000000a1800000|100%| O|  |TAMS 0x00000000a1700000| PB 0x00000000a1700000| Untracked 
|  24|0x00000000a1800000, 0x00000000a1900000, 0x00000000a1900000|100%| O|  |TAMS 0x00000000a1800000| PB 0x00000000a1800000| Untracked 
|  25|0x00000000a1900000, 0x00000000a1a00000, 0x00000000a1a00000|100%| O|  |TAMS 0x00000000a1900000| PB 0x00000000a1900000| Untracked 
|  26|0x00000000a1a00000, 0x00000000a1b00000, 0x00000000a1b00000|100%| O|  |TAMS 0x00000000a1a00000| PB 0x00000000a1a00000| Untracked 
|  27|0x00000000a1b00000, 0x00000000a1c00000, 0x00000000a1c00000|100%| O|  |TAMS 0x00000000a1b00000| PB 0x00000000a1b00000| Untracked 
|  28|0x00000000a1c00000, 0x00000000a1d00000, 0x00000000a1d00000|100%| O|  |TAMS 0x00000000a1c00000| PB 0x00000000a1c00000| Untracked 
|  29|0x00000000a1d00000, 0x00000000a1e00000, 0x00000000a1e00000|100%| O|  |TAMS 0x00000000a1d00000| PB 0x00000000a1d00000| Untracked 
|  30|0x00000000a1e00000, 0x00000000a1f00000, 0x00000000a1f00000|100%| O|  |TAMS 0x00000000a1e00000| PB 0x00000000a1e00000| Untracked 
|  31|0x00000000a1f00000, 0x00000000a2000000, 0x00000000a2000000|100%| O|  |TAMS 0x00000000a1f00000| PB 0x00000000a1f00000| Untracked 
|  32|0x00000000a2000000, 0x00000000a2100000, 0x00000000a2100000|100%| O|  |TAMS 0x00000000a2000000| PB 0x00000000a2000000| Untracked 
|  33|0x00000000a2100000, 0x00000000a2200000, 0x00000000a2200000|100%| O|  |TAMS 0x00000000a2100000| PB 0x00000000a2100000| Untracked 
|  34|0x00000000a2200000, 0x00000000a2300000, 0x00000000a2300000|100%| O|  |TAMS 0x00000000a2200000| PB 0x00000000a2200000| Untracked 
|  35|0x00000000a2300000, 0x00000000a2400000, 0x00000000a2400000|100%| O|  |TAMS 0x00000000a2300000| PB 0x00000000a2300000| Untracked 
|  36|0x00000000a2400000, 0x00000000a2500000, 0x00000000a2500000|100%| O|  |TAMS 0x00000000a2400000| PB 0x00000000a2400000| Untracked 
|  37|0x00000000a2500000, 0x00000000a2600000, 0x00000000a2600000|100%| O|  |TAMS 0x00000000a2500000| PB 0x00000000a2500000| Untracked 
|  38|0x00000000a2600000, 0x00000000a2700000, 0x00000000a2700000|100%|HS|  |TAMS 0x00000000a2600000| PB 0x00000000a2600000| Complete 
|  39|0x00000000a2700000, 0x00000000a2800000, 0x00000000a2800000|100%|HS|  |TAMS 0x00000000a2700000| PB 0x00000000a2700000| Complete 
|  40|0x00000000a2800000, 0x00000000a2900000, 0x00000000a2900000|100%|HS|  |TAMS 0x00000000a2800000| PB 0x00000000a2800000| Complete 
|  41|0x00000000a2900000, 0x00000000a2a00000, 0x00000000a2a00000|100%| O|  |TAMS 0x00000000a2900000| PB 0x00000000a2900000| Untracked 
|  42|0x00000000a2a00000, 0x00000000a2b00000, 0x00000000a2b00000|100%| O|  |TAMS 0x00000000a2a00000| PB 0x00000000a2a00000| Untracked 
|  43|0x00000000a2b00000, 0x00000000a2c00000, 0x00000000a2c00000|100%| O|  |TAMS 0x00000000a2b00000| PB 0x00000000a2b00000| Untracked 
|  44|0x00000000a2c00000, 0x00000000a2d00000, 0x00000000a2d00000|100%| O|  |TAMS 0x00000000a2c00000| PB 0x00000000a2c00000| Untracked 
|  45|0x00000000a2d00000, 0x00000000a2e00000, 0x00000000a2e00000|100%| O|  |TAMS 0x00000000a2d00000| PB 0x00000000a2d00000| Untracked 
|  46|0x00000000a2e00000, 0x00000000a2f00000, 0x00000000a2f00000|100%| O|Cm|TAMS 0x00000000a2e00000| PB 0x00000000a2e00000| Complete 
|  47|0x00000000a2f00000, 0x00000000a3000000, 0x00000000a3000000|100%|HS|  |TAMS 0x00000000a2f00000| PB 0x00000000a2f00000| Complete 
|  48|0x00000000a3000000, 0x00000000a3100000, 0x00000000a3100000|100%| O|  |TAMS 0x00000000a3000000| PB 0x00000000a3000000| Untracked 
|  49|0x00000000a3100000, 0x00000000a3200000, 0x00000000a3200000|100%| O|  |TAMS 0x00000000a3100000| PB 0x00000000a3100000| Untracked 
|  50|0x00000000a3200000, 0x00000000a3300000, 0x00000000a3300000|100%| O|  |TAMS 0x00000000a3200000| PB 0x00000000a3200000| Untracked 
|  51|0x00000000a3300000, 0x00000000a3400000, 0x00000000a3400000|100%| O|  |TAMS 0x00000000a3300000| PB 0x00000000a3300000| Untracked 
|  52|0x00000000a3400000, 0x00000000a3500000, 0x00000000a3500000|100%| O|  |TAMS 0x00000000a3400000| PB 0x00000000a3400000| Untracked 
|  53|0x00000000a3500000, 0x00000000a3600000, 0x00000000a3600000|100%|HS|  |TAMS 0x00000000a3500000| PB 0x00000000a3500000| Complete 
|  54|0x00000000a3600000, 0x00000000a3700000, 0x00000000a3700000|100%|HS|  |TAMS 0x00000000a3600000| PB 0x00000000a3600000| Complete 
|  55|0x00000000a3700000, 0x00000000a3800000, 0x00000000a3800000|100%| O|  |TAMS 0x00000000a3700000| PB 0x00000000a3700000| Untracked 
|  56|0x00000000a3800000, 0x00000000a3900000, 0x00000000a3900000|100%| O|  |TAMS 0x00000000a3800000| PB 0x00000000a3800000| Untracked 
|  57|0x00000000a3900000, 0x00000000a3a00000, 0x00000000a3a00000|100%| O|  |TAMS 0x00000000a3900000| PB 0x00000000a3900000| Untracked 
|  58|0x00000000a3a00000, 0x00000000a3b00000, 0x00000000a3b00000|100%| O|  |TAMS 0x00000000a3a00000| PB 0x00000000a3a00000| Untracked 
|  59|0x00000000a3b00000, 0x00000000a3c00000, 0x00000000a3c00000|100%| O|  |TAMS 0x00000000a3b00000| PB 0x00000000a3b00000| Untracked 
|  60|0x00000000a3c00000, 0x00000000a3d00000, 0x00000000a3d00000|100%|HS|  |TAMS 0x00000000a3c00000| PB 0x00000000a3c00000| Complete 
|  61|0x00000000a3d00000, 0x00000000a3e00000, 0x00000000a3e00000|100%| O|  |TAMS 0x00000000a3d00000| PB 0x00000000a3d00000| Untracked 
|  62|0x00000000a3e00000, 0x00000000a3f00000, 0x00000000a3f00000|100%| O|  |TAMS 0x00000000a3e00000| PB 0x00000000a3e00000| Untracked 
|  63|0x00000000a3f00000, 0x00000000a4000000, 0x00000000a4000000|100%| O|  |TAMS 0x00000000a3f00000| PB 0x00000000a3f00000| Untracked 
|  64|0x00000000a4000000, 0x00000000a4100000, 0x00000000a4100000|100%| O|  |TAMS 0x00000000a4000000| PB 0x00000000a4000000| Untracked 
|  65|0x00000000a4100000, 0x00000000a4200000, 0x00000000a4200000|100%| O|  |TAMS 0x00000000a4100000| PB 0x00000000a4100000| Untracked 
|  66|0x00000000a4200000, 0x00000000a4300000, 0x00000000a4300000|100%| O|  |TAMS 0x00000000a4200000| PB 0x00000000a4200000| Untracked 
|  67|0x00000000a4300000, 0x00000000a4400000, 0x00000000a4400000|100%| O|  |TAMS 0x00000000a4300000| PB 0x00000000a4300000| Untracked 
|  68|0x00000000a4400000, 0x00000000a4500000, 0x00000000a4500000|100%| O|  |TAMS 0x00000000a4400000| PB 0x00000000a4400000| Untracked 
|  69|0x00000000a4500000, 0x00000000a4600000, 0x00000000a4600000|100%| O|  |TAMS 0x00000000a4500000| PB 0x00000000a4500000| Untracked 
|  70|0x00000000a4600000, 0x00000000a4700000, 0x00000000a4700000|100%| O|  |TAMS 0x00000000a4600000| PB 0x00000000a4600000| Untracked 
|  71|0x00000000a4700000, 0x00000000a4800000, 0x00000000a4800000|100%| O|  |TAMS 0x00000000a4700000| PB 0x00000000a4700000| Untracked 
|  72|0x00000000a4800000, 0x00000000a4900000, 0x00000000a4900000|100%| O|  |TAMS 0x00000000a4800000| PB 0x00000000a4800000| Untracked 
|  73|0x00000000a4900000, 0x00000000a4a00000, 0x00000000a4a00000|100%| O|Cm|TAMS 0x00000000a4900000| PB 0x00000000a4900000| Complete 
|  74|0x00000000a4a00000, 0x00000000a4b00000, 0x00000000a4b00000|100%| O|  |TAMS 0x00000000a4a00000| PB 0x00000000a4a00000| Untracked 
|  75|0x00000000a4b00000, 0x00000000a4c00000, 0x00000000a4c00000|100%| O|  |TAMS 0x00000000a4b00000| PB 0x00000000a4b00000| Untracked 
|  76|0x00000000a4c00000, 0x00000000a4d00000, 0x00000000a4d00000|100%| O|  |TAMS 0x00000000a4c00000| PB 0x00000000a4c00000| Untracked 
|  77|0x00000000a4d00000, 0x00000000a4e00000, 0x00000000a4e00000|100%| O|  |TAMS 0x00000000a4d00000| PB 0x00000000a4d00000| Untracked 
|  78|0x00000000a4e00000, 0x00000000a4f00000, 0x00000000a4f00000|100%| O|  |TAMS 0x00000000a4e00000| PB 0x00000000a4e00000| Untracked 
|  79|0x00000000a4f00000, 0x00000000a5000000, 0x00000000a5000000|100%| O|  |TAMS 0x00000000a4f00000| PB 0x00000000a4f00000| Untracked 
|  80|0x00000000a5000000, 0x00000000a50f1530, 0x00000000a5100000| 94%| O|  |TAMS 0x00000000a5000000| PB 0x00000000a5000000| Untracked 
|  81|0x00000000a5100000, 0x00000000a5200000, 0x00000000a5200000|100%| O|  |TAMS 0x00000000a5100000| PB 0x00000000a5100000| Untracked 
|  82|0x00000000a5200000, 0x00000000a5300000, 0x00000000a5300000|100%| O|  |TAMS 0x00000000a5200000| PB 0x00000000a5200000| Untracked 
|  83|0x00000000a5300000, 0x00000000a5400000, 0x00000000a5400000|100%| O|  |TAMS 0x00000000a5300000| PB 0x00000000a5300000| Untracked 
|  84|0x00000000a5400000, 0x00000000a5500000, 0x00000000a5500000|100%| O|  |TAMS 0x00000000a5400000| PB 0x00000000a5400000| Untracked 
|  85|0x00000000a5500000, 0x00000000a5600000, 0x00000000a5600000|100%| O|  |TAMS 0x00000000a5500000| PB 0x00000000a5500000| Untracked 
|  86|0x00000000a5600000, 0x00000000a5700000, 0x00000000a5700000|100%| O|  |TAMS 0x00000000a5600000| PB 0x00000000a5600000| Untracked 
|  87|0x00000000a5700000, 0x00000000a5800000, 0x00000000a5800000|100%| O|  |TAMS 0x00000000a5700000| PB 0x00000000a5700000| Untracked 
|  88|0x00000000a5800000, 0x00000000a5900000, 0x00000000a5900000|100%|HS|  |TAMS 0x00000000a5800000| PB 0x00000000a5800000| Complete 
|  89|0x00000000a5900000, 0x00000000a5a00000, 0x00000000a5a00000|100%|HC|  |TAMS 0x00000000a5900000| PB 0x00000000a5900000| Complete 
|  90|0x00000000a5a00000, 0x00000000a5b00000, 0x00000000a5b00000|100%|HS|  |TAMS 0x00000000a5a00000| PB 0x00000000a5a00000| Complete 
|  91|0x00000000a5b00000, 0x00000000a5c00000, 0x00000000a5c00000|100%|HC|  |TAMS 0x00000000a5b00000| PB 0x00000000a5b00000| Complete 
|  92|0x00000000a5c00000, 0x00000000a5d00000, 0x00000000a5d00000|100%| O|  |TAMS 0x00000000a5c00000| PB 0x00000000a5c00000| Untracked 
|  93|0x00000000a5d00000, 0x00000000a5e00000, 0x00000000a5e00000|100%| O|  |TAMS 0x00000000a5d00000| PB 0x00000000a5d00000| Untracked 
|  94|0x00000000a5e00000, 0x00000000a5e00000, 0x00000000a5f00000|  0%| F|  |TAMS 0x00000000a5e00000| PB 0x00000000a5e00000| Untracked 
|  95|0x00000000a5f00000, 0x00000000a5f00000, 0x00000000a6000000|  0%| F|  |TAMS 0x00000000a5f00000| PB 0x00000000a5f00000| Untracked 
|  96|0x00000000a6000000, 0x00000000a6000000, 0x00000000a6100000|  0%| F|  |TAMS 0x00000000a6000000| PB 0x00000000a6000000| Untracked 
|  97|0x00000000a6100000, 0x00000000a6100000, 0x00000000a6200000|  0%| F|  |TAMS 0x00000000a6100000| PB 0x00000000a6100000| Untracked 
|  98|0x00000000a6200000, 0x00000000a6200000, 0x00000000a6300000|  0%| F|  |TAMS 0x00000000a6200000| PB 0x00000000a6200000| Untracked 
|  99|0x00000000a6300000, 0x00000000a6300000, 0x00000000a6400000|  0%| F|  |TAMS 0x00000000a6300000| PB 0x00000000a6300000| Untracked 
| 100|0x00000000a6400000, 0x00000000a6400000, 0x00000000a6500000|  0%| F|  |TAMS 0x00000000a6400000| PB 0x00000000a6400000| Untracked 
| 101|0x00000000a6500000, 0x00000000a65f5000, 0x00000000a6600000| 95%| S|CS|TAMS 0x00000000a6500000| PB 0x00000000a6500000| Complete 
| 102|0x00000000a6600000, 0x00000000a6700000, 0x00000000a6700000|100%| S|CS|TAMS 0x00000000a6600000| PB 0x00000000a6600000| Complete 
| 103|0x00000000a6700000, 0x00000000a6800000, 0x00000000a6800000|100%| S|CS|TAMS 0x00000000a6700000| PB 0x00000000a6700000| Complete 
| 104|0x00000000a6800000, 0x00000000a6900000, 0x00000000a6900000|100%| S|CS|TAMS 0x00000000a6800000| PB 0x00000000a6800000| Complete 
| 105|0x00000000a6900000, 0x00000000a6a00000, 0x00000000a6a00000|100%| S|CS|TAMS 0x00000000a6900000| PB 0x00000000a6900000| Complete 
| 106|0x00000000a6a00000, 0x00000000a6a00000, 0x00000000a6b00000|  0%| F|  |TAMS 0x00000000a6a00000| PB 0x00000000a6a00000| Untracked 
| 107|0x00000000a6b00000, 0x00000000a6b00000, 0x00000000a6c00000|  0%| F|  |TAMS 0x00000000a6b00000| PB 0x00000000a6b00000| Untracked 
| 108|0x00000000a6c00000, 0x00000000a6c00000, 0x00000000a6d00000|  0%| F|  |TAMS 0x00000000a6c00000| PB 0x00000000a6c00000| Untracked 
| 109|0x00000000a6d00000, 0x00000000a6d00000, 0x00000000a6e00000|  0%| F|  |TAMS 0x00000000a6d00000| PB 0x00000000a6d00000| Untracked 
| 110|0x00000000a6e00000, 0x00000000a6e00000, 0x00000000a6f00000|  0%| F|  |TAMS 0x00000000a6e00000| PB 0x00000000a6e00000| Untracked 
| 111|0x00000000a6f00000, 0x00000000a6f00000, 0x00000000a7000000|  0%| F|  |TAMS 0x00000000a6f00000| PB 0x00000000a6f00000| Untracked 
| 112|0x00000000a7000000, 0x00000000a7000000, 0x00000000a7100000|  0%| F|  |TAMS 0x00000000a7000000| PB 0x00000000a7000000| Untracked 
| 113|0x00000000a7100000, 0x00000000a7100000, 0x00000000a7200000|  0%| F|  |TAMS 0x00000000a7100000| PB 0x00000000a7100000| Untracked 
| 114|0x00000000a7200000, 0x00000000a7200000, 0x00000000a7300000|  0%| F|  |TAMS 0x00000000a7200000| PB 0x00000000a7200000| Untracked 
| 115|0x00000000a7300000, 0x00000000a7300000, 0x00000000a7400000|  0%| F|  |TAMS 0x00000000a7300000| PB 0x00000000a7300000| Untracked 
| 116|0x00000000a7400000, 0x00000000a7400000, 0x00000000a7500000|  0%| F|  |TAMS 0x00000000a7400000| PB 0x00000000a7400000| Untracked 
| 117|0x00000000a7500000, 0x00000000a7500000, 0x00000000a7600000|  0%| F|  |TAMS 0x00000000a7500000| PB 0x00000000a7500000| Untracked 
| 118|0x00000000a7600000, 0x00000000a7600000, 0x00000000a7700000|  0%| F|  |TAMS 0x00000000a7600000| PB 0x00000000a7600000| Untracked 
| 119|0x00000000a7700000, 0x00000000a7700000, 0x00000000a7800000|  0%| F|  |TAMS 0x00000000a7700000| PB 0x00000000a7700000| Untracked 
| 120|0x00000000a7800000, 0x00000000a7800000, 0x00000000a7900000|  0%| F|  |TAMS 0x00000000a7800000| PB 0x00000000a7800000| Untracked 
| 121|0x00000000a7900000, 0x00000000a7900000, 0x00000000a7a00000|  0%| F|  |TAMS 0x00000000a7900000| PB 0x00000000a7900000| Untracked 
| 122|0x00000000a7a00000, 0x00000000a7a00000, 0x00000000a7b00000|  0%| F|  |TAMS 0x00000000a7a00000| PB 0x00000000a7a00000| Untracked 
| 123|0x00000000a7b00000, 0x00000000a7b00000, 0x00000000a7c00000|  0%| F|  |TAMS 0x00000000a7b00000| PB 0x00000000a7b00000| Untracked 
| 124|0x00000000a7c00000, 0x00000000a7c00000, 0x00000000a7d00000|  0%| F|  |TAMS 0x00000000a7c00000| PB 0x00000000a7c00000| Untracked 
| 125|0x00000000a7d00000, 0x00000000a7d00000, 0x00000000a7e00000|  0%| F|  |TAMS 0x00000000a7d00000| PB 0x00000000a7d00000| Untracked 
| 126|0x00000000a7e00000, 0x00000000a7e00000, 0x00000000a7f00000|  0%| F|  |TAMS 0x00000000a7e00000| PB 0x00000000a7e00000| Untracked 
| 127|0x00000000a7f00000, 0x00000000a7f00000, 0x00000000a8000000|  0%| F|  |TAMS 0x00000000a7f00000| PB 0x00000000a7f00000| Untracked 
| 128|0x00000000a8000000, 0x00000000a8000000, 0x00000000a8100000|  0%| F|  |TAMS 0x00000000a8000000| PB 0x00000000a8000000| Untracked 
| 129|0x00000000a8100000, 0x00000000a8100000, 0x00000000a8200000|  0%| F|  |TAMS 0x00000000a8100000| PB 0x00000000a8100000| Untracked 
| 130|0x00000000a8200000, 0x00000000a8200000, 0x00000000a8300000|  0%| F|  |TAMS 0x00000000a8200000| PB 0x00000000a8200000| Untracked 
| 131|0x00000000a8300000, 0x00000000a8300000, 0x00000000a8400000|  0%| F|  |TAMS 0x00000000a8300000| PB 0x00000000a8300000| Untracked 
| 132|0x00000000a8400000, 0x00000000a8400000, 0x00000000a8500000|  0%| F|  |TAMS 0x00000000a8400000| PB 0x00000000a8400000| Untracked 
| 133|0x00000000a8500000, 0x00000000a8500000, 0x00000000a8600000|  0%| F|  |TAMS 0x00000000a8500000| PB 0x00000000a8500000| Untracked 
| 134|0x00000000a8600000, 0x00000000a8600000, 0x00000000a8700000|  0%| F|  |TAMS 0x00000000a8600000| PB 0x00000000a8600000| Untracked 
| 135|0x00000000a8700000, 0x00000000a8700000, 0x00000000a8800000|  0%| F|  |TAMS 0x00000000a8700000| PB 0x00000000a8700000| Untracked 
| 136|0x00000000a8800000, 0x00000000a8800000, 0x00000000a8900000|  0%| F|  |TAMS 0x00000000a8800000| PB 0x00000000a8800000| Untracked 
| 137|0x00000000a8900000, 0x00000000a8900000, 0x00000000a8a00000|  0%| F|  |TAMS 0x00000000a8900000| PB 0x00000000a8900000| Untracked 
| 138|0x00000000a8a00000, 0x00000000a8a00000, 0x00000000a8b00000|  0%| F|  |TAMS 0x00000000a8a00000| PB 0x00000000a8a00000| Untracked 
| 139|0x00000000a8b00000, 0x00000000a8b00000, 0x00000000a8c00000|  0%| F|  |TAMS 0x00000000a8b00000| PB 0x00000000a8b00000| Untracked 
| 140|0x00000000a8c00000, 0x00000000a8c00000, 0x00000000a8d00000|  0%| F|  |TAMS 0x00000000a8c00000| PB 0x00000000a8c00000| Untracked 
| 141|0x00000000a8d00000, 0x00000000a8d00000, 0x00000000a8e00000|  0%| F|  |TAMS 0x00000000a8d00000| PB 0x00000000a8d00000| Untracked 
| 142|0x00000000a8e00000, 0x00000000a8e00000, 0x00000000a8f00000|  0%| F|  |TAMS 0x00000000a8e00000| PB 0x00000000a8e00000| Untracked 
| 143|0x00000000a8f00000, 0x00000000a8f00000, 0x00000000a9000000|  0%| F|  |TAMS 0x00000000a8f00000| PB 0x00000000a8f00000| Untracked 
| 144|0x00000000a9000000, 0x00000000a9000000, 0x00000000a9100000|  0%| F|  |TAMS 0x00000000a9000000| PB 0x00000000a9000000| Untracked 
| 145|0x00000000a9100000, 0x00000000a9100000, 0x00000000a9200000|  0%| F|  |TAMS 0x00000000a9100000| PB 0x00000000a9100000| Untracked 
| 146|0x00000000a9200000, 0x00000000a92cd060, 0x00000000a9300000| 80%| E|  |TAMS 0x00000000a9200000| PB 0x00000000a9200000| Complete 
| 147|0x00000000a9300000, 0x00000000a9400000, 0x00000000a9400000|100%| E|CS|TAMS 0x00000000a9300000| PB 0x00000000a9300000| Complete 
| 148|0x00000000a9400000, 0x00000000a9500000, 0x00000000a9500000|100%| E|CS|TAMS 0x00000000a9400000| PB 0x00000000a9400000| Complete 
| 149|0x00000000a9500000, 0x00000000a9600000, 0x00000000a9600000|100%| E|CS|TAMS 0x00000000a9500000| PB 0x00000000a9500000| Complete 
| 150|0x00000000a9600000, 0x00000000a9700000, 0x00000000a9700000|100%| E|CS|TAMS 0x00000000a9600000| PB 0x00000000a9600000| Complete 
| 151|0x00000000a9700000, 0x00000000a9800000, 0x00000000a9800000|100%| E|CS|TAMS 0x00000000a9700000| PB 0x00000000a9700000| Complete 
| 152|0x00000000a9800000, 0x00000000a9900000, 0x00000000a9900000|100%| E|CS|TAMS 0x00000000a9800000| PB 0x00000000a9800000| Complete 
| 153|0x00000000a9900000, 0x00000000a9a00000, 0x00000000a9a00000|100%| E|CS|TAMS 0x00000000a9900000| PB 0x00000000a9900000| Complete 
| 154|0x00000000a9a00000, 0x00000000a9b00000, 0x00000000a9b00000|100%| E|CS|TAMS 0x00000000a9a00000| PB 0x00000000a9a00000| Complete 
| 155|0x00000000a9b00000, 0x00000000a9c00000, 0x00000000a9c00000|100%| E|CS|TAMS 0x00000000a9b00000| PB 0x00000000a9b00000| Complete 
| 156|0x00000000a9c00000, 0x00000000a9d00000, 0x00000000a9d00000|100%| E|CS|TAMS 0x00000000a9c00000| PB 0x00000000a9c00000| Complete 
| 157|0x00000000a9d00000, 0x00000000a9e00000, 0x00000000a9e00000|100%| E|CS|TAMS 0x00000000a9d00000| PB 0x00000000a9d00000| Complete 
| 158|0x00000000a9e00000, 0x00000000a9f00000, 0x00000000a9f00000|100%| E|CS|TAMS 0x00000000a9e00000| PB 0x00000000a9e00000| Complete 
| 159|0x00000000a9f00000, 0x00000000aa000000, 0x00000000aa000000|100%| E|CS|TAMS 0x00000000a9f00000| PB 0x00000000a9f00000| Complete 
| 160|0x00000000aa000000, 0x00000000aa100000, 0x00000000aa100000|100%| E|CS|TAMS 0x00000000aa000000| PB 0x00000000aa000000| Complete 
| 161|0x00000000aa100000, 0x00000000aa200000, 0x00000000aa200000|100%| E|CS|TAMS 0x00000000aa100000| PB 0x00000000aa100000| Complete 
| 162|0x00000000aa200000, 0x00000000aa300000, 0x00000000aa300000|100%| E|CS|TAMS 0x00000000aa200000| PB 0x00000000aa200000| Complete 
| 163|0x00000000aa300000, 0x00000000aa400000, 0x00000000aa400000|100%| E|CS|TAMS 0x00000000aa300000| PB 0x00000000aa300000| Complete 
| 164|0x00000000aa400000, 0x00000000aa500000, 0x00000000aa500000|100%| E|CS|TAMS 0x00000000aa400000| PB 0x00000000aa400000| Complete 
| 165|0x00000000aa500000, 0x00000000aa600000, 0x00000000aa600000|100%| E|CS|TAMS 0x00000000aa500000| PB 0x00000000aa500000| Complete 
| 166|0x00000000aa600000, 0x00000000aa700000, 0x00000000aa700000|100%| E|CS|TAMS 0x00000000aa600000| PB 0x00000000aa600000| Complete 
|1531|0x00000000ffb00000, 0x00000000ffc00000, 0x00000000ffc00000|100%| O|  |TAMS 0x00000000ffb00000| PB 0x00000000ffb00000| Untracked 
|1532|0x00000000ffc00000, 0x00000000ffd00000, 0x00000000ffd00000|100%| O|  |TAMS 0x00000000ffc00000| PB 0x00000000ffc00000| Untracked 
|1533|0x00000000ffd00000, 0x00000000ffe00000, 0x00000000ffe00000|100%| E|CS|TAMS 0x00000000ffd00000| PB 0x00000000ffd00000| Complete 
|1534|0x00000000ffe00000, 0x00000000fff00000, 0x00000000fff00000|100%| O|  |TAMS 0x00000000ffe00000| PB 0x00000000ffe00000| Untracked 
|1535|0x00000000fff00000, 0x0000000100000000, 0x0000000100000000|100%| O|  |TAMS 0x00000000fff00000| PB 0x00000000fff00000| Untracked 

Card table byte_map: [0x00000260cf540000,0x00000260cf840000] _byte_map_base: 0x00000260cf040000

Marking Bits: (CMBitMap*) 0x00000260bcb39b60
 Bits: [0x00000260cf840000, 0x00000260d1040000)

Polling page: 0x00000260ba890000

Metaspace:

Usage:
  Non-class:     77.00 MB used.
      Class:     12.67 MB used.
       Both:     89.67 MB used.

Virtual space:
  Non-class space:      128.00 MB reserved,      78.12 MB ( 61%) committed,  2 nodes.
      Class space:        1.00 GB reserved,      13.75 MB (  1%) committed,  1 nodes.
             Both:        1.12 GB reserved,      91.88 MB (  8%) committed. 

Chunk freelists:
   Non-Class:  1.40 MB
       Class:  2.22 MB
        Both:  3.62 MB

MaxMetaspaceSize: unlimited
CompressedClassSpaceSize: 1.00 GB
Initial GC threshold: 21.00 MB
Current GC threshold: 152.62 MB
CDS: on
 - commit_granule_bytes: 65536.
 - commit_granule_words: 8192.
 - virtual_space_node_default_size: 8388608.
 - enlarge_chunks_in_place: 1.
 - use_allocation_guard: 0.


Internal statistics:

num_allocs_failed_limit: 6.
num_arena_births: 4070.
num_arena_deaths: 0.
num_vsnodes_births: 3.
num_vsnodes_deaths: 0.
num_space_committed: 1470.
num_space_uncommitted: 0.
num_chunks_returned_to_freelist: 6.
num_chunks_taken_from_freelist: 8390.
num_chunk_merges: 6.
num_chunk_splits: 5490.
num_chunks_enlarged: 3424.
num_inconsistent_stats: 0.

CodeHeap 'non-profiled nmethods': size=120000Kb used=6760Kb max_used=6760Kb free=113239Kb
 bounds [0x00000260c77c0000, 0x00000260c7e60000, 0x00000260cecf0000]
CodeHeap 'profiled nmethods': size=120000Kb used=19658Kb max_used=19658Kb free=100341Kb
 bounds [0x00000260bfcf0000, 0x00000260c1030000, 0x00000260c7220000]
CodeHeap 'non-nmethods': size=5760Kb used=2730Kb max_used=2765Kb free=3029Kb
 bounds [0x00000260c7220000, 0x00000260c74e0000, 0x00000260c77c0000]
CodeCache: size=245760Kb, used=29148Kb, max_used=29183Kb, free=216609Kb
 total_blobs=11456, nmethods=10465, adapters=895, full_count=0
Compilation: enabled, stopped_count=0, restarted_count=0

Compilation events (20 events):
Event: 140.220 Thread 0x000002611ef10a60 nmethod 12521 0x00000260c7e58390 code [0x00000260c7e58520, 0x00000260c7e585d0]
Event: 140.220 Thread 0x000002611ef10a60 12544       4       java.lang.ThreadLocal$SuppliedThreadLocal::initialValue (10 bytes)
Event: 140.221 Thread 0x00000260d3ccb460 nmethod 12620 0x00000260c0807890 code [0x00000260c0807a80, 0x00000260c0807fb8]
Event: 140.222 Thread 0x000002611ef10a60 nmethod 12544 0x00000260c7e58690 code [0x00000260c7e58820, 0x00000260c7e58900]
Event: 140.222 Thread 0x000002611ef10a60 12576       4       org.gradle.api.Named$Namer::determineName (9 bytes)
Event: 140.224 Thread 0x000002611ef10a60 nmethod 12576 0x00000260c7e58a10 code [0x00000260c7e58ba0, 0x00000260c7e58d30]
Event: 140.224 Thread 0x000002611ef10a60 12519       4       sun.reflect.generics.reflectiveObjects.TypeVariableImpl::hashCode (18 bytes)
Event: 140.233 Thread 0x000002611ef10a60 nmethod 12519 0x00000260c7e58e90 code [0x00000260c7e590a0, 0x00000260c7e594c0]
Event: 140.233 Thread 0x000002611ef10a60 12598       4       org.gradle.internal.typeconversion.NotationConverterToNotationParserAdapter$ResultImpl::converted (11 bytes)
Event: 140.236 Thread 0x000002611ef10a60 nmethod 12598 0x00000260c7e59810 code [0x00000260c7e599a0, 0x00000260c7e59b00]
Event: 140.236 Thread 0x000002611ef10a60 12569       4       org.gradle.api.internal.MutationGuards$1::wrapLazyAction (2 bytes)
Event: 140.237 Thread 0x000002611ef10a60 nmethod 12569 0x00000260c7e59b90 code [0x00000260c7e59d20, 0x00000260c7e59da8]
Event: 140.237 Thread 0x000002611ef10a60 12610       4       org.gradle.api.internal.provider.ValueSanitizers$3::sanitize (2 bytes)
Event: 140.238 Thread 0x000002611ef10a60 nmethod 12610 0x00000260c7e59e90 code [0x00000260c7e5a020, 0x00000260c7e5a0a8]
Event: 140.650 Thread 0x00000260d3ccb460 12621       3       java.util.concurrent.ThreadPoolExecutor$Worker::lock (6 bytes)
Event: 140.650 Thread 0x00000260d3ccb460 nmethod 12621 0x00000260c0682890 code [0x00000260c0682a40, 0x00000260c0682b80]
Event: 140.650 Thread 0x00000260d3ccb460 12622       3       java.util.concurrent.ThreadPoolExecutor$Worker::tryAcquire (20 bytes)
Event: 140.651 Thread 0x00000260d3ccb460 nmethod 12622 0x00000260c0807310 code [0x00000260c08074c0, 0x00000260c0807700]
Event: 140.651 Thread 0x00000260d3ccb460 12623       3       java.util.concurrent.ThreadPoolExecutor::beforeExecute (1 bytes)
Event: 140.651 Thread 0x00000260d3ccb460 nmethod 12623 0x00000260c0851310 code [0x00000260c08514a0, 0x00000260c08515a8]

GC Heap History (20 events):
Event: 100.683 GC heap before
{Heap before GC invocations=28 (full 0):
 garbage-first heap   total 131072K, used 119262K [0x00000000a0000000, 0x0000000100000000)
  region size 1024K, 42 young (43008K), 6 survivors (6144K)
 Metaspace       used 74341K, committed 76352K, reserved 1114112K
  class space    used 10516K, committed 11456K, reserved 1048576K
}
Event: 100.693 GC heap after
{Heap after GC invocations=29 (full 0):
 garbage-first heap   total 131072K, used 82801K [0x00000000a0000000, 0x0000000100000000)
  region size 1024K, 3 young (3072K), 3 survivors (3072K)
 Metaspace       used 74341K, committed 76352K, reserved 1114112K
  class space    used 10516K, committed 11456K, reserved 1048576K
}
Event: 102.319 GC heap before
{Heap before GC invocations=30 (full 0):
 garbage-first heap   total 138240K, used 121713K [0x00000000a0000000, 0x0000000100000000)
  region size 1024K, 41 young (41984K), 3 survivors (3072K)
 Metaspace       used 77188K, committed 79360K, reserved 1179648K
  class space    used 10961K, committed 11968K, reserved 1048576K
}
Event: 102.331 GC heap after
{Heap after GC invocations=31 (full 0):
 garbage-first heap   total 138240K, used 85034K [0x00000000a0000000, 0x0000000100000000)
  region size 1024K, 6 young (6144K), 6 survivors (6144K)
 Metaspace       used 77188K, committed 79360K, reserved 1179648K
  class space    used 10961K, committed 11968K, reserved 1048576K
}
Event: 103.126 GC heap before
{Heap before GC invocations=31 (full 0):
 garbage-first heap   total 138240K, used 127018K [0x00000000a0000000, 0x0000000100000000)
  region size 1024K, 48 young (49152K), 6 survivors (6144K)
 Metaspace       used 77388K, committed 79488K, reserved 1179648K
  class space    used 10965K, committed 11968K, reserved 1048576K
}
Event: 103.140 GC heap after
{Heap after GC invocations=32 (full 0):
 garbage-first heap   total 138240K, used 86229K [0x00000000a0000000, 0x0000000100000000)
  region size 1024K, 4 young (4096K), 4 survivors (4096K)
 Metaspace       used 77388K, committed 79488K, reserved 1179648K
  class space    used 10965K, committed 11968K, reserved 1048576K
}
Event: 103.497 GC heap before
{Heap before GC invocations=32 (full 0):
 garbage-first heap   total 138240K, used 96469K [0x00000000a0000000, 0x0000000100000000)
  region size 1024K, 15 young (15360K), 4 survivors (4096K)
 Metaspace       used 77446K, committed 79616K, reserved 1179648K
  class space    used 10971K, committed 12032K, reserved 1048576K
}
Event: 103.507 GC heap after
{Heap after GC invocations=33 (full 0):
 garbage-first heap   total 138240K, used 87648K [0x00000000a0000000, 0x0000000100000000)
  region size 1024K, 3 young (3072K), 3 survivors (3072K)
 Metaspace       used 77446K, committed 79616K, reserved 1179648K
  class space    used 10971K, committed 12032K, reserved 1048576K
}
Event: 107.119 GC heap before
{Heap before GC invocations=34 (full 0):
 garbage-first heap   total 148480K, used 130656K [0x00000000a0000000, 0x0000000100000000)
  region size 1024K, 44 young (45056K), 3 survivors (3072K)
 Metaspace       used 79309K, committed 81472K, reserved 1179648K
  class space    used 11252K, committed 12288K, reserved 1048576K
}
Event: 107.128 GC heap after
{Heap after GC invocations=35 (full 0):
 garbage-first heap   total 148480K, used 91559K [0x00000000a0000000, 0x0000000100000000)
  region size 1024K, 6 young (6144K), 6 survivors (6144K)
 Metaspace       used 79309K, committed 81472K, reserved 1179648K
  class space    used 11252K, committed 12288K, reserved 1048576K
}
Event: 110.884 GC heap before
{Heap before GC invocations=35 (full 0):
 garbage-first heap   total 148480K, used 135591K [0x00000000a0000000, 0x0000000100000000)
  region size 1024K, 50 young (51200K), 6 survivors (6144K)
 Metaspace       used 79322K, committed 81472K, reserved 1179648K
  class space    used 11253K, committed 12288K, reserved 1048576K
}
Event: 110.898 GC heap after
{Heap after GC invocations=36 (full 0):
 garbage-first heap   total 148480K, used 93233K [0x00000000a0000000, 0x0000000100000000)
  region size 1024K, 2 young (2048K), 2 survivors (2048K)
 Metaspace       used 79322K, committed 81472K, reserved 1179648K
  class space    used 11253K, committed 12288K, reserved 1048576K
}
Event: 112.598 GC heap before
{Heap before GC invocations=36 (full 0):
 garbage-first heap   total 148480K, used 107569K [0x00000000a0000000, 0x0000000100000000)
  region size 1024K, 18 young (18432K), 2 survivors (2048K)
 Metaspace       used 79380K, committed 81536K, reserved 1179648K
  class space    used 11256K, committed 12288K, reserved 1048576K
}
Event: 112.604 GC heap after
{Heap after GC invocations=37 (full 0):
 garbage-first heap   total 148480K, used 94088K [0x00000000a0000000, 0x0000000100000000)
  region size 1024K, 3 young (3072K), 3 survivors (3072K)
 Metaspace       used 79380K, committed 81536K, reserved 1179648K
  class space    used 11256K, committed 12288K, reserved 1048576K
}
Event: 115.243 GC heap before
{Heap before GC invocations=38 (full 0):
 garbage-first heap   total 162816K, used 142216K [0x00000000a0000000, 0x0000000100000000)
  region size 1024K, 46 young (47104K), 3 survivors (3072K)
 Metaspace       used 84862K, committed 87104K, reserved 1179648K
  class space    used 11967K, committed 13056K, reserved 1048576K
}
Event: 115.251 GC heap after
{Heap after GC invocations=39 (full 0):
 garbage-first heap   total 162816K, used 100819K [0x00000000a0000000, 0x0000000100000000)
  region size 1024K, 6 young (6144K), 6 survivors (6144K)
 Metaspace       used 84862K, committed 87104K, reserved 1179648K
  class space    used 11967K, committed 13056K, reserved 1048576K
}
Event: 133.760 GC heap before
{Heap before GC invocations=39 (full 0):
 garbage-first heap   total 162816K, used 149971K [0x00000000a0000000, 0x0000000100000000)
  region size 1024K, 54 young (55296K), 6 survivors (6144K)
 Metaspace       used 88359K, committed 90688K, reserved 1179648K
  class space    used 12485K, committed 13632K, reserved 1048576K
}
Event: 133.771 GC heap after
{Heap after GC invocations=40 (full 0):
 garbage-first heap   total 162816K, used 101950K [0x00000000a0000000, 0x0000000100000000)
  region size 1024K, 5 young (5120K), 5 survivors (5120K)
 Metaspace       used 88359K, committed 90688K, reserved 1179648K
  class space    used 12485K, committed 13632K, reserved 1048576K
}
Event: 137.661 GC heap before
{Heap before GC invocations=40 (full 0):
 garbage-first heap   total 162816K, used 152126K [0x00000000a0000000, 0x0000000100000000)
  region size 1024K, 54 young (55296K), 5 survivors (5120K)
 Metaspace       used 91346K, committed 93632K, reserved 1179648K
  class space    used 12927K, committed 14016K, reserved 1048576K
}
Event: 137.674 GC heap after
{Heap after GC invocations=41 (full 0):
 garbage-first heap   total 162816K, used 105369K [0x00000000a0000000, 0x0000000100000000)
  region size 1024K, 5 young (5120K), 5 survivors (5120K)
 Metaspace       used 91346K, committed 93632K, reserved 1179648K
  class space    used 12927K, committed 14016K, reserved 1048576K
}

Dll operation events (14 events):
Event: 0.051 Loaded shared library C:\Users\91891\.antigravity-ide\extensions\redhat.java-1.55.0-win32-x64\jre\21.0.11-win32-x86_64\bin\java.dll
Event: 0.356 Loaded shared library C:\Users\91891\.antigravity-ide\extensions\redhat.java-1.55.0-win32-x64\jre\21.0.11-win32-x86_64\bin\zip.dll
Event: 0.424 Loaded shared library C:\Users\91891\.antigravity-ide\extensions\redhat.java-1.55.0-win32-x64\jre\21.0.11-win32-x86_64\bin\instrument.dll
Event: 0.449 Loaded shared library C:\Users\91891\.antigravity-ide\extensions\redhat.java-1.55.0-win32-x64\jre\21.0.11-win32-x86_64\bin\net.dll
Event: 0.463 Loaded shared library C:\Users\91891\.antigravity-ide\extensions\redhat.java-1.55.0-win32-x64\jre\21.0.11-win32-x86_64\bin\nio.dll
Event: 0.473 Loaded shared library C:\Users\91891\.antigravity-ide\extensions\redhat.java-1.55.0-win32-x64\jre\21.0.11-win32-x86_64\bin\zip.dll
Event: 3.132 Loaded shared library C:\Users\91891\.antigravity-ide\extensions\redhat.java-1.55.0-win32-x64\jre\21.0.11-win32-x86_64\bin\jimage.dll
Event: 4.383 Loaded shared library C:\Users\91891\.antigravity-ide\extensions\redhat.java-1.55.0-win32-x64\jre\21.0.11-win32-x86_64\bin\verify.dll
Event: 4.823 Loaded shared library C:\Users\91891\.gradle\native\1def1411415f61bf3af743bc5b6707747c0891f09f0c88961ee8f79bc544acac\windows-amd64\native-platform.dll
Event: 4.891 Loaded shared library C:\Users\91891\.gradle\native\0.2.7\x86_64-windows-gnu\gradle-fileevents.dll
Event: 31.537 Loaded shared library C:\Users\91891\.antigravity-ide\extensions\redhat.java-1.55.0-win32-x64\jre\21.0.11-win32-x86_64\bin\management.dll
Event: 31.549 Loaded shared library C:\Users\91891\.antigravity-ide\extensions\redhat.java-1.55.0-win32-x64\jre\21.0.11-win32-x86_64\bin\management_ext.dll
Event: 34.053 Loaded shared library C:\Users\91891\.antigravity-ide\extensions\redhat.java-1.55.0-win32-x64\jre\21.0.11-win32-x86_64\bin\extnet.dll
Event: 47.066 Loaded shared library C:\Users\91891\.antigravity-ide\extensions\redhat.java-1.55.0-win32-x64\jre\21.0.11-win32-x86_64\bin\sunmscapi.dll

Deoptimization events (20 events):
Event: 139.497 Thread 0x0000026119d12220 Uncommon trap: trap_request=0xffffffd6 fr.pc=0x00000260c7df5a90 relative=0x0000000000001230
Event: 139.497 Thread 0x0000026119d12220 Uncommon trap: reason=array_check action=maybe_recompile pc=0x00000260c7df5a90 method=java.util.ComparableTimSort.binarySort([Ljava/lang/Object;III)V @ 215 c2
Event: 139.497 Thread 0x0000026119d12220 DEOPT PACKING pc=0x00000260c7df5a90 sp=0x000000af856f8290
Event: 139.497 Thread 0x0000026119d12220 DEOPT UNPACKING pc=0x00000260c7274422 sp=0x000000af856f8280 mode 2
Event: 139.497 Thread 0x0000026119d12220 Uncommon trap: trap_request=0xffffffd6 fr.pc=0x00000260c7df5a90 relative=0x0000000000001230
Event: 139.497 Thread 0x0000026119d12220 Uncommon trap: reason=array_check action=maybe_recompile pc=0x00000260c7df5a90 method=java.util.ComparableTimSort.binarySort([Ljava/lang/Object;III)V @ 215 c2
Event: 139.497 Thread 0x0000026119d12220 DEOPT PACKING pc=0x00000260c7df5a90 sp=0x000000af856f8290
Event: 139.497 Thread 0x0000026119d12220 DEOPT UNPACKING pc=0x00000260c7274422 sp=0x000000af856f8280 mode 2
Event: 139.533 Thread 0x000002611ebe9760 Uncommon trap: trap_request=0xffffff45 fr.pc=0x00000260c7b9eab4 relative=0x0000000000000ff4
Event: 139.533 Thread 0x000002611ebe9760 Uncommon trap: reason=unstable_if action=reinterpret pc=0x00000260c7b9eab4 method=java.util.concurrent.ConcurrentHashMap.putVal(Ljava/lang/Object;Ljava/lang/Object;Z)Ljava/lang/Object; @ 197 c2
Event: 139.533 Thread 0x000002611ebe9760 DEOPT PACKING pc=0x00000260c7b9eab4 sp=0x000000af8c9fdcc0
Event: 139.533 Thread 0x000002611ebe9760 DEOPT UNPACKING pc=0x00000260c7274422 sp=0x000000af8c9fdc40 mode 2
Event: 139.642 Thread 0x0000026119d12220 DEOPT PACKING pc=0x00000260bfeab64e sp=0x000000af856f9790
Event: 139.642 Thread 0x0000026119d12220 DEOPT UNPACKING pc=0x00000260c7274bc2 sp=0x000000af856f8bf0 mode 0
Event: 139.976 Thread 0x0000026119d12220 DEOPT PACKING pc=0x00000260c0729d2c sp=0x000000af856f9ae0
Event: 139.976 Thread 0x0000026119d12220 DEOPT UNPACKING pc=0x00000260c7274bc2 sp=0x000000af856f8f90 mode 0
Event: 140.000 Thread 0x0000026119d12220 Uncommon trap: trap_request=0xffffff45 fr.pc=0x00000260c7a396a4 relative=0x00000000000061e4
Event: 140.001 Thread 0x0000026119d12220 Uncommon trap: reason=unstable_if action=reinterpret pc=0x00000260c7a396a4 method=java.lang.ClassLoader.loadClass(Ljava/lang/String;Z)Ljava/lang/Class; @ 29 c2
Event: 140.001 Thread 0x0000026119d12220 DEOPT PACKING pc=0x00000260c7a396a4 sp=0x000000af856f5a00
Event: 140.001 Thread 0x0000026119d12220 DEOPT UNPACKING pc=0x00000260c7274422 sp=0x000000af856f5a88 mode 2

Classes loaded (20 events):
Event: 134.119 Loading class java/io/Console$1
Event: 134.119 Loading class jdk/internal/access/JavaIOAccess
Event: 134.120 Loading class jdk/internal/access/JavaIOAccess done
Event: 134.120 Loading class java/io/Console$1 done
Event: 139.977 Loading class java/util/ArrayListBeanInfo
Event: 139.978 Loading class java/util/ArrayListBeanInfo done
Event: 139.978 Loading class java/util/ArrayListBeanInfo
Event: 139.978 Loading class java/util/ArrayListBeanInfo done
Event: 139.979 Loading class java/util/AbstractListBeanInfo
Event: 139.979 Loading class java/util/AbstractListBeanInfo done
Event: 139.980 Loading class java/util/AbstractListBeanInfo
Event: 139.980 Loading class java/util/AbstractListBeanInfo done
Event: 139.980 Loading class java/util/AbstractListCustomizer
Event: 139.980 Loading class java/util/AbstractListCustomizer done
Event: 139.981 Loading class java/util/AbstractListCustomizer
Event: 139.981 Loading class java/util/AbstractListCustomizer done
Event: 139.985 Loading class java/util/ArrayListCustomizer
Event: 139.985 Loading class java/util/ArrayListCustomizer done
Event: 139.986 Loading class java/util/ArrayListCustomizer
Event: 139.986 Loading class java/util/ArrayListCustomizer done

Classes unloaded (0 events):
No events

Classes redefined (0 events):
No events

Internal exceptions (20 events):
Event: 135.250 Thread 0x0000026119d12220 Exception <a 'java/lang/ClassNotFoundException'{0x00000000a75bc8a8}: com/android/build/gradle/internal/api/ReadOnlyBuildTypeBeanInfo> (0x00000000a75bc8a8) 
thrown [s\src\hotspot\share\classfile\systemDictionary.cpp, line 313]
Event: 135.251 Thread 0x0000026119d12220 Exception <a 'java/lang/ClassNotFoundException'{0x00000000a75c9220}: com/android/build/gradle/internal/api/ReadOnlyBaseConfigBeanInfo> (0x00000000a75c9220) 
thrown [s\src\hotspot\share\classfile\systemDictionary.cpp, line 313]
Event: 135.251 Thread 0x0000026119d12220 Exception <a 'java/lang/ClassNotFoundException'{0x00000000a75d5bb0}: com/android/build/gradle/internal/api/ReadOnlyBaseConfigCustomizer> (0x00000000a75d5bb0) 
thrown [s\src\hotspot\share\classfile\systemDictionary.cpp, line 313]
Event: 135.252 Thread 0x0000026119d12220 Exception <a 'java/lang/ClassNotFoundException'{0x00000000a75f34e8}: com/android/build/gradle/internal/api/ReadOnlyBuildTypeCustomizer> (0x00000000a75f34e8) 
thrown [s\src\hotspot\share\classfile\systemDictionary.cpp, line 313]
Event: 137.440 Thread 0x0000026119d12220 Exception <a 'java/lang/NoClassDefFoundError'{0x00000000a6f37ed8}: org/jetbrains/kotlin/gradle/plugin/KotlinBasePluginWrapper> (0x00000000a6f37ed8) 
thrown [s\src\hotspot\share\oops\constantPool.cpp, line 873]
Event: 139.184 Thread 0x0000026119d12220 Exception <a 'java/lang/ClassNotFoundException'{0x00000000aa6eb200}: build_bx3ixwxju7jihlt5daaoidvp3BeanInfo> (0x00000000aa6eb200) 
thrown [s\src\hotspot\share\classfile\systemDictionary.cpp, line 313]
Event: 139.185 Thread 0x0000026119d12220 Exception <a 'java/lang/ClassNotFoundException'{0x00000000aa6f1fa8}: build_bx3ixwxju7jihlt5daaoidvp3Customizer> (0x00000000aa6f1fa8) 
thrown [s\src\hotspot\share\classfile\systemDictionary.cpp, line 313]
Event: 139.645 Thread 0x0000026119d12220 Exception <a 'java/lang/ClassNotFoundException'{0x00000000a9b28178}: build_bx3ixwxju7jihlt5daaoidvp3BeanInfo> (0x00000000a9b28178) 
thrown [s\src\hotspot\share\classfile\systemDictionary.cpp, line 313]
Event: 139.647 Thread 0x0000026119d12220 Exception <a 'java/lang/ClassNotFoundException'{0x00000000a9b2eeb8}: build_bx3ixwxju7jihlt5daaoidvp3Customizer> (0x00000000a9b2eeb8) 
thrown [s\src\hotspot\share\classfile\systemDictionary.cpp, line 313]
Event: 139.979 Thread 0x0000026119d12220 Exception <a 'java/lang/ClassNotFoundException'{0x00000000a96164c8}: java/util/ArrayListBeanInfo> (0x00000000a96164c8) 
thrown [s\src\hotspot\share\classfile\systemDictionary.cpp, line 313]
Event: 139.980 Thread 0x0000026119d12220 Exception <a 'java/lang/ClassNotFoundException'{0x00000000a961e598}: java/util/AbstractListBeanInfo> (0x00000000a961e598) 
thrown [s\src\hotspot\share\classfile\systemDictionary.cpp, line 313]
Event: 139.981 Thread 0x0000026119d12220 Exception <a 'java/lang/ClassNotFoundException'{0x00000000a9626718}: java/util/AbstractListCustomizer> (0x00000000a9626718) 
thrown [s\src\hotspot\share\classfile\systemDictionary.cpp, line 313]
Event: 139.986 Thread 0x0000026119d12220 Exception <a 'java/lang/ClassNotFoundException'{0x00000000a966b318}: java/util/ArrayListCustomizer> (0x00000000a966b318) 
thrown [s\src\hotspot\share\classfile\systemDictionary.cpp, line 313]
Event: 140.010 Thread 0x0000026119d12220 Exception <a 'java/lang/NoClassDefFoundError'{0x00000000a96d8080}: org/jetbrains/kotlin/gradle/plugin/KotlinBaseApiPlugin> (0x00000000a96d8080) 
thrown [s\src\hotspot\share\oops\constantPool.cpp, line 873]
Event: 140.017 Thread 0x0000026119d12220 Exception <a 'java/lang/NoClassDefFoundError'{0x00000000a96ed6c8}: org/jetbrains/kotlin/gradle/plugin/KotlinBasePluginWrapper> (0x00000000a96ed6c8) 
thrown [s\src\hotspot\share\oops\constantPool.cpp, line 873]
Event: 140.024 Thread 0x0000026119d12220 Exception <a 'java/lang/NoClassDefFoundError'{0x00000000a95089b8}: org/jetbrains/kotlin/gradle/plugin/KotlinBasePluginWrapper> (0x00000000a95089b8) 
thrown [s\src\hotspot\share\oops\constantPool.cpp, line 873]
Event: 140.033 Thread 0x0000026119d12220 Exception <a 'java/lang/NoClassDefFoundError'{0x00000000a951f0c0}: org/jetbrains/kotlin/gradle/plugin/KotlinBasePluginWrapper> (0x00000000a951f0c0) 
thrown [s\src\hotspot\share\oops\constantPool.cpp, line 873]
Event: 140.040 Thread 0x0000026119d12220 Exception <a 'java/lang/NoClassDefFoundError'{0x00000000a9537230}: org/jetbrains/kotlin/gradle/plugin/KotlinBasePluginWrapper> (0x00000000a9537230) 
thrown [s\src\hotspot\share\oops\constantPool.cpp, line 873]
Event: 140.046 Thread 0x0000026119d12220 Exception <a 'java/lang/NoClassDefFoundError'{0x00000000a9550df0}: org/jetbrains/kotlin/gradle/plugin/KotlinBasePluginWrapper> (0x00000000a9550df0) 
thrown [s\src\hotspot\share\oops\constantPool.cpp, line 873]
Event: 140.162 Thread 0x0000026119d12220 Exception <a 'java/lang/NoClassDefFoundError'{0x00000000a9380ee8}: org/jetbrains/kotlin/gradle/plugin/KotlinBasePluginWrapper> (0x00000000a9380ee8) 
thrown [s\src\hotspot\share\oops\constantPool.cpp, line 873]

ZGC Phase Switch (0 events):
No events

VM Operations (20 events):
Event: 123.083 Executing non-safepoint VM operation: HandshakeAllThreads (Deoptimize) done
Event: 123.083 Executing safepoint VM operation: Cleanup
Event: 123.083 Executing safepoint VM operation: Cleanup done
Event: 133.760 Executing safepoint VM operation: G1CollectForAllocation (G1 Evacuation Pause)
Event: 133.772 Executing safepoint VM operation: G1CollectForAllocation (G1 Evacuation Pause) done
Event: 134.783 Executing safepoint VM operation: Cleanup
Event: 134.783 Executing safepoint VM operation: Cleanup done
Event: 135.796 Executing safepoint VM operation: Cleanup
Event: 136.310 Executing safepoint VM operation: Cleanup done
Event: 137.320 Executing safepoint VM operation: Cleanup
Event: 137.383 Executing safepoint VM operation: Cleanup done
Event: 137.661 Executing safepoint VM operation: G1CollectForAllocation (G1 Evacuation Pause)
Event: 137.674 Executing safepoint VM operation: G1CollectForAllocation (G1 Evacuation Pause) done
Event: 137.787 Executing safepoint VM operation: G1PauseRemark
Event: 138.814 Executing safepoint VM operation: G1PauseRemark done
Event: 138.858 Executing safepoint VM operation: G1PauseCleanup
Event: 138.859 Executing safepoint VM operation: G1PauseCleanup done
Event: 139.872 Executing safepoint VM operation: Cleanup
Event: 139.872 Executing safepoint VM operation: Cleanup done
Event: 140.883 Executing safepoint VM operation: Cleanup

Memory protections (0 events):
No events

Nmethod flushes (20 events):
Event: 137.797 Thread 0x00000260d3c8fad0 flushing  nmethod 0x00000260c0693b90
Event: 137.797 Thread 0x00000260d3c8fad0 flushing  nmethod 0x00000260c0694690
Event: 137.798 Thread 0x00000260d3c8fad0 flushing  nmethod 0x00000260c06b0710
Event: 137.798 Thread 0x00000260d3c8fad0 flushing  nmethod 0x00000260c06b1110
Event: 137.798 Thread 0x00000260d3c8fad0 flushing  nmethod 0x00000260c06da010
Event: 137.798 Thread 0x00000260d3c8fad0 flushing  nmethod 0x00000260c06ee290
Event: 137.798 Thread 0x00000260d3c8fad0 flushing  nmethod 0x00000260c0730290
Event: 137.798 Thread 0x00000260d3c8fad0 flushing  nmethod 0x00000260c075b890
Event: 137.798 Thread 0x00000260d3c8fad0 flushing  nmethod 0x00000260c075e490
Event: 137.798 Thread 0x00000260d3c8fad0 flushing  nmethod 0x00000260c0847890
Event: 137.798 Thread 0x00000260d3c8fad0 flushing  nmethod 0x00000260c084b210
Event: 137.798 Thread 0x00000260d3c8fad0 flushing  nmethod 0x00000260c084ee10
Event: 137.798 Thread 0x00000260d3c8fad0 flushing  nmethod 0x00000260c0851310
Event: 137.798 Thread 0x00000260d3c8fad0 flushing  nmethod 0x00000260c0851810
Event: 137.798 Thread 0x00000260d3c8fad0 flushing  nmethod 0x00000260c0851d90
Event: 137.798 Thread 0x00000260d3c8fad0 flushing  nmethod 0x00000260c0852910
Event: 137.798 Thread 0x00000260d3c8fad0 flushing  nmethod 0x00000260c0999410
Event: 137.798 Thread 0x00000260d3c8fad0 flushing  nmethod 0x00000260c099b690
Event: 137.798 Thread 0x00000260d3c8fad0 flushing  nmethod 0x00000260c099cc10
Event: 137.798 Thread 0x00000260d3c8fad0 flushing  nmethod 0x00000260c09dd510

Events (20 events):
Event: 134.199 Thread 0x00000260d3cc84b0 Thread exited: 0x00000260d3cc84b0
Event: 134.549 Thread 0x00000260d3ccb460 Thread added: 0x00000260d3cc84b0
Event: 134.818 Thread 0x00000260d3cc84b0 Thread exited: 0x00000260d3cc84b0
Event: 134.997 Thread 0x00000260d3ccb460 Thread added: 0x000002611ef10a60
Event: 135.276 Thread 0x000002611ef10a60 Thread exited: 0x000002611ef10a60
Event: 137.431 Thread 0x00000260d3ccb460 Thread added: 0x000002611ef0d3e0
Event: 139.150 Thread 0x000002611ef0d3e0 Thread exited: 0x000002611ef0d3e0
Event: 139.369 Thread 0x00000260d3ccb460 Thread added: 0x000002611ef10a60
Event: 139.500 Thread 0x0000026119d12220 Thread added: 0x000002611ebe83b0
Event: 139.501 Thread 0x0000026119d12220 Thread added: 0x000002611ebe8a40
Event: 139.502 Thread 0x0000026119d12220 Thread added: 0x000002611ebe6970
Event: 139.502 Thread 0x0000026119d12220 Thread added: 0x000002611ebe90d0
Event: 139.505 Thread 0x0000026119d12220 Thread added: 0x000002611ebe9760
Event: 139.507 Thread 0x0000026119d12220 Thread added: 0x000002611ebe62e0
Event: 139.508 Thread 0x0000026119d12220 Thread added: 0x000002611ebe9df0
Event: 139.508 Thread 0x0000026119d12220 Thread added: 0x000002611ebe7000
Event: 139.509 Thread 0x0000026119d12220 Thread added: 0x000002611ebeb830
Event: 139.509 Thread 0x0000026119d12220 Thread added: 0x000002611ebebec0
Event: 139.510 Thread 0x0000026119d12220 Thread added: 0x000002611ebed900
Event: 140.650 Thread 0x000002611ef10a60 Thread exited: 0x000002611ef10a60


Dynamic libraries:
0x00007ff7c55b0000 - 0x00007ff7c55be000 	C:\Users\91891\.antigravity-ide\extensions\redhat.java-1.55.0-win32-x64\jre\21.0.11-win32-x86_64\bin\java.exe
0x00007ffc05600000 - 0x00007ffc05866000 	C:\WINDOWS\SYSTEM32\ntdll.dll
0x00007ffc03470000 - 0x00007ffc03539000 	C:\WINDOWS\System32\KERNEL32.DLL
0x00007ffc02ac0000 - 0x00007ffc02ebe000 	C:\WINDOWS\System32\KERNELBASE.dll
0x00007ffc02f00000 - 0x00007ffc0304c000 	C:\WINDOWS\System32\ucrtbase.dll
0x00007ffb8a430000 - 0x00007ffb8a448000 	C:\Users\91891\.antigravity-ide\extensions\redhat.java-1.55.0-win32-x64\jre\21.0.11-win32-x86_64\bin\jli.dll
0x00007ffb8a510000 - 0x00007ffb8a52e000 	C:\Users\91891\.antigravity-ide\extensions\redhat.java-1.55.0-win32-x64\jre\21.0.11-win32-x86_64\bin\VCRUNTIME140.dll
0x00007ffc04b30000 - 0x00007ffc04cf7000 	C:\WINDOWS\System32\USER32.dll
0x00007ffc02ed0000 - 0x00007ffc02ef7000 	C:\WINDOWS\System32\win32u.dll
0x00007ffc04860000 - 0x00007ffc0488b000 	C:\WINDOWS\System32\GDI32.dll
0x00007ffbf2210000 - 0x00007ffbf24a2000 	C:\WINDOWS\WinSxS\amd64_microsoft.windows.common-controls_6595b64144ccf1df_6.0.26100.8875_none_3e0d5d42e32fe9dd\COMCTL32.dll
0x00007ffc02820000 - 0x00007ffc0294a000 	C:\WINDOWS\System32\gdi32full.dll
0x00007ffc02a10000 - 0x00007ffc02ab3000 	C:\WINDOWS\System32\msvcp_win.dll
0x00007ffc04270000 - 0x00007ffc04319000 	C:\WINDOWS\System32\msvcrt.dll
0x00007ffc03540000 - 0x00007ffc03572000 	C:\WINDOWS\System32\IMM32.DLL
0x00007ffbfbe00000 - 0x00007ffbfbe0c000 	C:\Users\91891\.antigravity-ide\extensions\redhat.java-1.55.0-win32-x64\jre\21.0.11-win32-x86_64\bin\vcruntime140_1.dll
0x00007ffb2b4f0000 - 0x00007ffb2b57d000 	C:\Users\91891\.antigravity-ide\extensions\redhat.java-1.55.0-win32-x64\jre\21.0.11-win32-x86_64\bin\msvcp140.dll
0x00007ffb22f60000 - 0x00007ffb23d02000 	C:\Users\91891\.antigravity-ide\extensions\redhat.java-1.55.0-win32-x64\jre\21.0.11-win32-x86_64\bin\server\jvm.dll
0x00007ffc04a70000 - 0x00007ffc04b27000 	C:\WINDOWS\System32\ADVAPI32.dll
0x00007ffc05510000 - 0x00007ffc055ba000 	C:\WINDOWS\System32\sechost.dll
0x00007ffc03330000 - 0x00007ffc03448000 	C:\WINDOWS\System32\RPCRT4.dll
0x00007ffc046d0000 - 0x00007ffc04750000 	C:\WINDOWS\System32\WS2_32.dll
0x00007ffc026a0000 - 0x00007ffc026fe000 	C:\WINDOWS\SYSTEM32\POWRPROF.dll
0x00007ffbfaf30000 - 0x00007ffbfaf3b000 	C:\WINDOWS\SYSTEM32\VERSION.dll
0x00007ffbfaef0000 - 0x00007ffbfaf26000 	C:\WINDOWS\SYSTEM32\WINMM.dll
0x00007ffc02680000 - 0x00007ffc02694000 	C:\WINDOWS\SYSTEM32\UMPDC.dll
0x00007ffc01430000 - 0x00007ffc0144b000 	C:\WINDOWS\SYSTEM32\kernel.appcore.dll
0x00007ffbf5b40000 - 0x00007ffbf5b4a000 	C:\Users\91891\.antigravity-ide\extensions\redhat.java-1.55.0-win32-x64\jre\21.0.11-win32-x86_64\bin\jimage.dll
0x00007ffbffea0000 - 0x00007ffc000e2000 	C:\WINDOWS\SYSTEM32\DBGHELP.DLL
0x00007ffc03580000 - 0x00007ffc03903000 	C:\WINDOWS\System32\combase.dll
0x00007ffc04540000 - 0x00007ffc04619000 	C:\WINDOWS\System32\OLEAUT32.dll
0x00007ffbe8fd0000 - 0x00007ffbe900b000 	C:\WINDOWS\SYSTEM32\dbgcore.DLL
0x00007ffc031e0000 - 0x00007ffc0328c000 	C:\WINDOWS\System32\bcryptPrimitives.dll
0x00007ffbfd090000 - 0x00007ffbfd09f000 	C:\Users\91891\.antigravity-ide\extensions\redhat.java-1.55.0-win32-x64\jre\21.0.11-win32-x86_64\bin\instrument.dll
0x00007ffbca610000 - 0x00007ffbca630000 	C:\Users\91891\.antigravity-ide\extensions\redhat.java-1.55.0-win32-x64\jre\21.0.11-win32-x86_64\bin\java.dll
0x00007ffc03ad0000 - 0x00007ffc04262000 	C:\WINDOWS\System32\SHELL32.dll
0x00007ffc002a0000 - 0x00007ffc00b32000 	C:\WINDOWS\SYSTEM32\windows.storage.dll
0x00007ffc05410000 - 0x00007ffc05507000 	C:\WINDOWS\System32\SHCORE.dll
0x00007ffc044d0000 - 0x00007ffc04537000 	C:\WINDOWS\System32\shlwapi.dll
0x00007ffc02740000 - 0x00007ffc02769000 	C:\WINDOWS\SYSTEM32\profapi.dll
0x00007ffbca5c0000 - 0x00007ffbca5d8000 	C:\Users\91891\.antigravity-ide\extensions\redhat.java-1.55.0-win32-x64\jre\21.0.11-win32-x86_64\bin\zip.dll
0x00007ffbfd080000 - 0x00007ffbfd090000 	C:\Users\91891\.antigravity-ide\extensions\redhat.java-1.55.0-win32-x64\jre\21.0.11-win32-x86_64\bin\net.dll
0x00007ffbf8b00000 - 0x00007ffbf8c27000 	C:\WINDOWS\SYSTEM32\WINHTTP.dll
0x00007ffc01ab0000 - 0x00007ffc01b1c000 	C:\WINDOWS\system32\mswsock.dll
0x00007ffbc0640000 - 0x00007ffbc0656000 	C:\Users\91891\.antigravity-ide\extensions\redhat.java-1.55.0-win32-x64\jre\21.0.11-win32-x86_64\bin\nio.dll
0x00007ffbee370000 - 0x00007ffbee380000 	C:\Users\91891\.antigravity-ide\extensions\redhat.java-1.55.0-win32-x64\jre\21.0.11-win32-x86_64\bin\verify.dll
0x00007ffb7de50000 - 0x00007ffb7de77000 	C:\Users\91891\.gradle\native\1def1411415f61bf3af743bc5b6707747c0891f09f0c88961ee8f79bc544acac\windows-amd64\native-platform.dll
0x00007ffb65c70000 - 0x00007ffb65ce8000 	C:\Users\91891\.gradle\native\0.2.7\x86_64-windows-gnu\gradle-fileevents.dll
0x00007ffbe8f10000 - 0x00007ffbe8f1a000 	C:\Users\91891\.antigravity-ide\extensions\redhat.java-1.55.0-win32-x64\jre\21.0.11-win32-x86_64\bin\management.dll
0x00007ffbe7fa0000 - 0x00007ffbe7fac000 	C:\Users\91891\.antigravity-ide\extensions\redhat.java-1.55.0-win32-x64\jre\21.0.11-win32-x86_64\bin\management_ext.dll
0x00007ffc03450000 - 0x00007ffc03458000 	C:\WINDOWS\System32\PSAPI.DLL
0x00007ffc00e70000 - 0x00007ffc00ea3000 	C:\WINDOWS\SYSTEM32\IPHLPAPI.DLL
0x00007ffc04460000 - 0x00007ffc0446a000 	C:\WINDOWS\System32\NSI.dll
0x00007ffbe12d0000 - 0x00007ffbe12d9000 	C:\Users\91891\.antigravity-ide\extensions\redhat.java-1.55.0-win32-x64\jre\21.0.11-win32-x86_64\bin\extnet.dll
0x00007ffc01db0000 - 0x00007ffc01dcb000 	C:\WINDOWS\SYSTEM32\CRYPTSP.dll
0x00007ffc01450000 - 0x00007ffc01489000 	C:\WINDOWS\system32\rsaenh.dll
0x00007ffc01b70000 - 0x00007ffc01ba2000 	C:\WINDOWS\SYSTEM32\USERENV.dll
0x00007ffc02710000 - 0x00007ffc0273a000 	C:\WINDOWS\SYSTEM32\bcrypt.dll
0x00007ffc01dd0000 - 0x00007ffc01ddc000 	C:\WINDOWS\SYSTEM32\CRYPTBASE.dll
0x00007ffbe4e50000 - 0x00007ffbe4e5e000 	C:\Users\91891\.antigravity-ide\extensions\redhat.java-1.55.0-win32-x64\jre\21.0.11-win32-x86_64\bin\sunmscapi.dll
0x00007ffc03060000 - 0x00007ffc031d8000 	C:\WINDOWS\System32\CRYPT32.dll
0x00007ffc01ff0000 - 0x00007ffc02020000 	C:\WINDOWS\SYSTEM32\ncrypt.dll
0x00007ffc01fa0000 - 0x00007ffc01fdf000 	C:\WINDOWS\SYSTEM32\NTASN1.dll
0x00007ffbfbf30000 - 0x00007ffbfbf38000 	C:\WINDOWS\system32\wshunix.dll

JVMTI agents:
C:\Users\91891\.gradle\wrapper\dists\gradle-8.14.3-all\10utluxaxniiv4wxiphsi49nj\gradle-8.14.3\lib\agents\gradle-instrumentation-agent-8.14.3.jar path:C:\Users\91891\.antigravity-ide\extensions\redhat.java-1.55.0-win32-x64\jre\21.0.11-win32-x86_64\bin\instrument.dll, loaded, initialized, instrumentlib options:none

dbghelp: loaded successfully - version: 4.0.5 - missing functions: none
symbol engine: initialized successfully - sym options: 0x614 - pdb path: .;C:\Users\91891\.antigravity-ide\extensions\redhat.java-1.55.0-win32-x64\jre\21.0.11-win32-x86_64\bin;C:\WINDOWS\SYSTEM32;C:\WINDOWS\WinSxS\amd64_microsoft.windows.common-controls_6595b64144ccf1df_6.0.26100.8875_none_3e0d5d42e32fe9dd;C:\Users\91891\.antigravity-ide\extensions\redhat.java-1.55.0-win32-x64\jre\21.0.11-win32-x86_64\bin\server;C:\Users\91891\.gradle\native\1def1411415f61bf3af743bc5b6707747c0891f09f0c88961ee8f79bc544acac\windows-amd64;C:\Users\91891\.gradle\native\0.2.7\x86_64-windows-gnu

VM Arguments:
jvm_args: --add-opens=java.base/java.lang=ALL-UNNAMED --add-opens=java.base/java.lang.invoke=ALL-UNNAMED --add-opens=java.base/java.util=ALL-UNNAMED --add-opens=java.prefs/java.util.prefs=ALL-UNNAMED --add-exports=jdk.compiler/com.sun.tools.javac.api=ALL-UNNAMED --add-exports=jdk.compiler/com.sun.tools.javac.util=ALL-UNNAMED --add-opens=java.base/java.util=ALL-UNNAMED --add-opens=java.prefs/java.util.prefs=ALL-UNNAMED --add-opens=java.base/java.nio.charset=ALL-UNNAMED --add-opens=java.base/java.net=ALL-UNNAMED --add-opens=java.base/java.util.concurrent.atomic=ALL-UNNAMED --add-opens=java.xml/javax.xml.namespace=ALL-UNNAMED -Xmx1536m -Dfile.encoding=UTF-8 -Duser.country=IN -Duser.language=en -Duser.variant -javaagent:C:\Users\91891\.gradle\wrapper\dists\gradle-8.14.3-all\10utluxaxniiv4wxiphsi49nj\gradle-8.14.3\lib\agents\gradle-instrumentation-agent-8.14.3.jar 
java_command: org.gradle.launcher.daemon.bootstrap.GradleDaemon 8.14.3
java_class_path (initial): C:\Users\91891\.gradle\wrapper\dists\gradle-8.14.3-all\10utluxaxniiv4wxiphsi49nj\gradle-8.14.3\lib\gradle-daemon-main-8.14.3.jar
Launcher Type: SUN_STANDARD

[Global flags]
     intx CICompilerCount                          = 4                                         {product} {ergonomic}
     uint ConcGCThreads                            = 3                                         {product} {ergonomic}
     uint G1ConcRefinementThreads                  = 10                                        {product} {ergonomic}
   size_t G1HeapRegionSize                         = 1048576                                   {product} {ergonomic}
    uintx GCDrainStackTargetSize                   = 64                                        {product} {ergonomic}
   size_t InitialHeapSize                          = 98566144                                  {product} {ergonomic}
   size_t MarkStackSize                            = 4194304                                   {product} {ergonomic}
   size_t MaxHeapSize                              = 1610612736                                {product} {command line}
   size_t MaxNewSize                               = 965738496                                 {product} {ergonomic}
   size_t MinHeapDeltaBytes                        = 1048576                                   {product} {ergonomic}
   size_t MinHeapSize                              = 8388608                                   {product} {ergonomic}
    uintx NonNMethodCodeHeapSize                   = 5839372                                {pd product} {ergonomic}
    uintx NonProfiledCodeHeapSize                  = 122909434                              {pd product} {ergonomic}
    uintx ProfiledCodeHeapSize                     = 122909434                              {pd product} {ergonomic}
    uintx ReservedCodeCacheSize                    = 251658240                              {pd product} {ergonomic}
     bool SegmentedCodeCache                       = true                                      {product} {ergonomic}
   size_t SoftMaxHeapSize                          = 1610612736                             {manageable} {ergonomic}
     bool UseCompressedOops                        = true                           {product lp64_product} {ergonomic}
     bool UseG1GC                                  = true                                      {product} {ergonomic}
     bool UseLargePagesIndividualAllocation        = false                                  {pd product} {ergonomic}

Logging:
Log output configuration:
 #0: stdout all=warning uptime,level,tags foldmultilines=false
 #1: stderr all=off uptime,level,tags foldmultilines=false

Release file:
JAVA_VERSION="21.0.11" 
MODULES="java.base java.compiler java.datatransfer java.xml java.prefs java.desktop java.instrument java.logging java.management java.security.sasl java.naming java.rmi java.management.rmi java.net.http java.scripting java.security.jgss java.transaction.xa java.sql java.sql.rowset java.xml.crypto java.se java.smartcardio jdk.accessibility jdk.internal.jvmstat jdk.attach jdk.charsets jdk.internal.opt jdk.zipfs jdk.compiler jdk.crypto.ec jdk.crypto.cryptoki jdk.crypto.mscapi jdk.dynalink jdk.internal.ed jdk.editpad jdk.hotspot.agent jdk.httpserver jdk.internal.le jdk.internal.vm.ci jdk.internal.vm.compiler jdk.internal.vm.compiler.management jdk.jartool jdk.javadoc jdk.jcmd jdk.management jdk.management.agent jdk.jconsole jdk.jdeps jdk.jdwp.agent jdk.jdi jdk.jfr jdk.jshell jdk.jsobject jdk.jstatd jdk.localedata jdk.management.jfr jdk.naming.dns jdk.naming.rmi jdk.net jdk.nio.mapmode jdk.random jdk.sctp jdk.security.auth jdk.security.jgss jdk.unsupported jdk.unsupported.desktop jdk.xml.dom" 

Environment Variables:
JAVA_HOME=C:\Program Files\Eclipse Adoptium\jdk-17.0.18.8-hotspot
PATH=C:\Program Files\Eclipse Adoptium\jdk-17.0.18.8-hotspot\bin;C:\Program Files\Eclipse Adoptium\jdk-11.0.30.7-hotspot\bin;C:\Program Files\Eclipse Adoptium\jdk-25.0.2.10-hotspot\bin;C:\Python314\Scripts\;C:\Python314\;C:\oracle\product\10.2.0\db_1\bin;C:\Windows\system32;C:\Windows;C:\Windows\System32\Wbem;C:\Windows\System32\WindowsPowerShell\v1.0\;C:\Windows\System32\OpenSSH\;C:\Program Files\NVIDIA Corporation\NVIDIA NvDLISR;C:\WINDOWS\system32;C:\WINDOWS;C:\WINDOWS\System32\Wbem;C:\WINDOWS\System32\WindowsPowerShell\v1.0\;C:\WINDOWS\System32\OpenSSH\;C:\Program Files (x86)\NVIDIA Corporation\PhysX\Common;C:\WINDOWS\system32;C:\WINDOWS;C:\WINDOWS\System32\Wbem;C:\WINDOWS\System32\WindowsPowerShell\v1.0\;C:\WINDOWS\System32\OpenSSH\;C:\ProgramData\chocolatey\bin;C:\Program Files\nodejs\;C:\Program Files\apache-maven-3.9.14\bin;C:\Program Files\MySQL\MySQL Server 9.6\bin;C:\Program Files\Docker\Docker\resources\bin;C:\Users\91891\.local\bin;C:\Program Files\Eclipse Adoptium\jdk-17.0.18.8-hotspot\bin;C:\Program Files\Git\cmd;C:\Users\91891\AppData\Local\Microsoft\WindowsApps;C:\Program Files\JetBrains\PyCharm 2023.3.3\bin;;C:\Program Files\JetBrains\PyCharm Community Edition 2023.3.3\bin;;C:\Users\91891\AppData\Local\Programs\Microsoft VS Code\bin;C:\Program Files\JetBrains\IntelliJ IDEA Community Edition 2024.2.2\bin;;C:\Users\91891\AppData\Roaming\npm;C:\Users\91891\AppData\Local\Programs\Ollama;C:\Users\91891\Desktop\App\flutter\bin;C:\Users\91891\AppData\Local\Programs\Antigravity\bin;C:\Users\91891\AppData\Local\Programs\Antigravity IDE\bin
USERNAME=91891
OS=Windows_NT
PROCESSOR_IDENTIFIER=AMD64 Family 25 Model 80 Stepping 0, AuthenticAMD
TMP=C:\Users\91891\AppData\Local\Temp
TEMP=C:\Users\91891\AppData\Local\Temp




Periodic native trim disabled

---------------  S Y S T E M  ---------------

OS:
 Windows 11 , 64 bit Build 26100 (10.0.26100.8875)
OS uptime: 0 days 3:59 hours
Hyper-V role detected

CPU: total 12 (initial active 12) (12 cores per cpu, 2 threads per core) family 25 model 80 stepping 0 microcode 0xa50000c, cx8, cmov, fxsr, ht, mmx, 3dnowpref, sse, sse2, sse3, ssse3, sse4a, sse4.1, sse4.2, popcnt, lzcnt, tsc, tscinvbit, avx, avx2, aes, erms, clmul, bmi1, bmi2, adx, sha, fma, vzeroupper, clflush, clflushopt, hv, rdtscp, rdpid, fsrm, f16c, cet_ss
Processor Information for processor 0
  Max Mhz: 3301, Current Mhz: 1805, Mhz Limit: 3301
Processor Information for processor 1
  Max Mhz: 3301, Current Mhz: 1908, Mhz Limit: 3301
Processor Information for processor 2
  Max Mhz: 3301, Current Mhz: 1908, Mhz Limit: 3301
Processor Information for processor 3
  Max Mhz: 3301, Current Mhz: 1908, Mhz Limit: 3301
Processor Information for processor 4
  Max Mhz: 3301, Current Mhz: 1908, Mhz Limit: 3301
Processor Information for processor 5
  Max Mhz: 3301, Current Mhz: 1908, Mhz Limit: 3301
Processor Information for processor 6
  Max Mhz: 3301, Current Mhz: 1805, Mhz Limit: 3301
Processor Information for processor 7
  Max Mhz: 3301, Current Mhz: 1805, Mhz Limit: 3301
Processor Information for processor 8
  Max Mhz: 3301, Current Mhz: 1908, Mhz Limit: 3301
Processor Information for processor 9
  Max Mhz: 3301, Current Mhz: 1908, Mhz Limit: 3301
Processor Information for processor 10
  Max Mhz: 3301, Current Mhz: 1805, Mhz Limit: 3301
Processor Information for processor 11
  Max Mhz: 3301, Current Mhz: 1908, Mhz Limit: 3301

Memory: 4k page, system-wide physical 5996M (344M free)
TotalPageFile size 24428M (AvailPageFile size 0M)
current process WorkingSet (physical memory assigned to process): 346M, peak: 346M
current process commit charge ("private bytes"): 488M, peak: 490M

vm_info: OpenJDK 64-Bit Server VM (21.0.11+10-LTS) for windows-amd64 JRE (21.0.11+10-LTS), built on 2026-04-21T00:00:00Z by "admin" with MS VC++ 17.12 (VS2022)

END.
